Date,Close, Volume, Open, High, Low
9/8/15,517.54,3805809,508.69,518.35,508.51
9/9/15,516.89,4348685,524.00,529.95,515.06
9/10/15,522.24,2568076,515.15,526.13,514.78
9/11/15,529.44,3224850,521.07,529.44,520.61
9/14/15,521.38,3127206,529.44,532.45,518.58
9/15/15,522.37,2849063,523.25,527.92,517.20
9/16/15,527.39,2249062,521.98,528.30,518.52
9/17/15,538.87,4146066,526.98,546.97,526.57
9/18/15,540.26,6154510,534.62,546.24,531.35
9/21/15,548.39,3276266,544.33,549.78,539.59
9/22/15,538.40,3833073,539.71,543.55,532.66
9/23/15,536.07,2233675,538.30,541.21,534.00
9/24/15,533.75,3494202,530.55,534.56,522.87
9/25/15,524.25,3922075,542.57,542.80,521.40
9/28/15,504.06,5416847,520.02,520.28,494.33
9/29/15,496.07,4455453,506.00,511.48,490.50
9/30/15,511.89,3996159,505.44,512.80,501.67
10/1/15,520.72,3744188,511.00,520.80,506.00
10/2/15,532.54,4592095,512.99,532.60,508.10
10/5/15,543.68,3383967,536.99,545.91,536.00
10/6/15,537.48,4541673,545.50,551.50,533.33
10/7/15,541.94,3807102,541.79,542.00,529.00
10/8/15,533.16,4666489,536.71,539.39,519.89
10/9/15,539.80,3533043,534.48,541.79,530.27
10/12/15,550.19,2772781,539.96,550.82,539.80
10/13/15,548.90,2933013,546.26,553.20,543.10
10/14/15,544.83,3573734,551.34,552.25,539.68
10/15/15,562.44,4927031,547.75,563.00,547.00
10/16/15,570.76,4307995,565.27,570.94,560.31
10/19/15,573.15,4342881,570.76,579.00,567.38
10/20/15,560.88,4341325,572.00,573.00,555.28
10/21/15,555.77,3354070,563.87,565.25,552.52
10/22/15,563.91,7586947,562.70,569.15,556.67
10/23/15,599.03,10682230,617.68,619.45,595.36
10/26/15,608.61,4266364,602.30,609.85,596.29
10/27/15,611.01,3740923,608.60,614.71,605.53
10/28/15,617.10,3916263,612.30,617.23,609.50
10/29/15,626.55,3861249,617.70,627.54,615.39
10/30/15,625.90,3871136,626.01,630.72,625.28
11/2/15,628.35,2811340,627.13,628.63,620.41
11/3/15,625.31,3244640,629.53,629.89,622.00
11/4/15,640.95,4836452,627.76,645.93,627.35
11/5/15,655.65,4721977,647.10,657.00,643.09
11/6/15,659.37,4088119,655.00,662.26,652.00
11/9/15,655.49,4042991,658.65,661.96,647.85
11/10/15,659.68,3478282,651.01,660.00,647.26
11/11/15,673.25,5378403,663.25,675.96,663.25
11/12/15,665.60,4267454,673.00,675.64,664.22
11/13/15,642.35,6242100,663.57,667.00,640.45
11/16/15,647.81,7425083,640.92,649.99,622.29
11/17/15,643.30,4317848,650.65,653.25,641.00
11/18/15,663.54,4414554,646.51,664.88,646.37
11/19/15,661.27,4702856,664.99,672.86,659.00
11/20/15,668.45,3872690,667.94,668.87,657.57
11/23/15,678.99,4377862,671.50,682.77,668.45
11/24/15,671.15,4536359,674.14,675.80,661.21
11/25/15,675.34,2690424,675.00,679.70,671.24
11/27/15,673.26,1966801,680.80,680.99,672.10
11/30/15,664.80,5492054,675.90,681.29,664.60
12/1/15,679.06,4747651,673.75,681.00,667.86
12/2/15,676.01,4265404,681.00,684.82,674.25
12/3/15,666.25,5058428,679.44,682.79,661.48
12/4/15,672.64,4532424,666.00,674.78,661.40
12/7/15,669.83,3730440,674.74,675.46,660.50
12/8/15,677.33,3646397,663.13,679.99,659.79
12/9/15,664.79,5150488,678.00,679.00,655.68
12/10/15,662.32,3446523,665.59,668.53,659.56
12/11/15,640.15,5459737,651.23,657.88,639.62
12/14/15,657.91,4340805,641.75,658.59,635.27
12/15/15,658.64,4743133,665.03,671.50,657.35
12/16/15,675.77,3955385,663.56,677.35,659.32
12/17/15,670.65,3672133,680.00,682.50,670.65
12/18/15,664.14,6817065,668.65,676.84,664.13
12/21/15,664.51,3219507,668.50,669.90,658.93
12/22/15,663.15,2666245,666.83,668.49,659.26
12/23/15,663.70,2717739,666.50,666.60,656.63
12/24/15,662.79,1092970,663.35,664.68,660.60
12/28/15,675.20,3778019,665.56,675.50,665.50
12/29/15,693.97,5729914,677.98,696.44,677.89
12/30/15,689.07,3515318,691.89,695.49,686.38
12/31/15,675.89,3745197,686.08,687.75,675.89
1/4/16,636.99,9301459,656.29,657.72,627.51
1/5/16,633.79,5814063,646.86,646.91,627.65
1/6/16,632.65,5319526,622.00,639.79,620.31
1/7/16,607.94,7040886,621.80,630.00,605.21
1/8/16,607.05,5502757,619.66,624.14,606.00
1/11/16,617.74,4874135,612.48,619.85,598.57
1/12/16,617.89,4705651,625.25,625.99,612.24
1/13/16,581.81,7643288,620.88,620.88,579.16
1/14/16,593.00,7225454,580.25,602.25,569.88
1/15/16,570.18,7776868,572.24,584.62,565.30
1/19/16,574.48,4801408,577.09,584.00,566.45
1/20/16,571.77,7957643,564.36,578.45,547.18
1/21/16,575.02,4937346,573.58,588.81,568.22
1/22/16,596.38,5104594,588.73,600.10,584.11
1/25/16,596.53,4386098,597.99,608.50,594.56
1/26/16,601.25,3755042,603.45,604.50,590.38
1/27/16,583.35,5103760,601.99,603.39,578.78
1/28/16,635.35,13639700,608.37,638.06,597.55
1/29/16,587.00,14666690,571.98,593.00,570.00
2/1/16,574.81,6337926,578.15,581.80,570.31
2/2/16,552.10,6297634,570.00,571.56,550.09
2/3/16,531.07,10043300,553.50,556.00,521.90
2/4/16,536.26,6190328,525.00,538.99,519.22
2/5/16,502.13,9683685,529.28,529.45,499.19
2/8/16,488.10,9816331,486.47,493.50,475.21
2/9/16,482.07,7055921,478.01,498.38,474.00
2/10/16,490.48,6763135,491.76,504.66,486.00
2/11/16,503.82,7390411,491.17,509.30,484.00
2/12/16,507.08,5371180,510.70,516.75,501.49
2/16/16,521.10,5112648,519.48,524.45,511.66
2/17/16,534.10,4820780,528.74,537.48,519.39
2/18/16,525.00,4733213,541.19,541.20,523.73
2/19/16,534.90,4972834,520.71,535.95,515.35
2/22/16,559.50,5555615,542.20,560.65,541.08
2/23/16,552.94,4046481,555.55,556.91,545.33
2/24/16,554.04,6222914,545.75,554.27,533.15
2/25/16,555.15,4521887,555.52,559.39,545.29
2/26/16,555.23,4870280,560.12,562.50,553.17
2/29/16,552.52,4140465,554.00,564.81,552.51
3/1/16,579.04,5024654,556.29,579.25,556.00
3/2/16,580.21,4579461,581.75,585.00,573.70
3/3/16,577.49,2737763,577.96,579.87,573.11
3/4/16,575.14,3413742,581.07,581.40,571.07
3/7/16,562.80,4928519,573.54,573.63,555.55
3/8/16,560.26,4727151,557.87,571.35,554.74
3/9/16,559.47,4374825,559.56,560.35,550.13
3/10/16,558.93,3917562,566.74,567.00,547.90
3/11/16,569.61,3769218,566.95,570.06,562.73
3/14/16,573.37,3453040,567.00,576.89,563.05
3/15/16,577.02,3870822,571.00,581.52,567.00
3/16/16,574.27,3515329,576.64,581.32,571.14
3/17/16,559.44,5919980,569.51,571.40,555.01
3/18/16,552.08,7293341,560.94,562.33,546.09
3/21/16,553.98,5151552,548.91,555.24,538.58
3/22/16,560.48,3997376,545.11,562.76,545.05
3/23/16,569.63,3978088,561.00,572.48,558.10
3/24/16,582.95,5155728,567.11,583.55,567.08
3/28/16,579.87,3121139,584.40,584.75,575.56
3/29/16,593.86,4246662,580.15,595.85,576.50
3/30/16,598.69,3888192,596.71,603.24,595.00
3/31/16,593.64,2679930,599.28,600.75,592.21
4/1/16,598.50,2914176,590.49,599.03,588.30
4/4/16,593.19,2469551,599.00,599.50,590.55
4/5/16,586.14,2279713,590.77,593.47,585.25
4/6/16,602.08,2846646,587.52,602.39,587.50
4/7/16,591.43,3185912,598.76,599.60,589.08
4/8/16,594.60,2590326,594.32,597.86,589.00
4/11/16,595.93,2700997,596.14,604.00,594.91
4/12/16,603.17,2637241,598.40,604.06,592.31
4/13/16,614.82,4224742,607.68,616.81,605.29
4/14/16,620.75,3508881,615.07,624.38,615.07
4/15/16,625.89,2883933,621.92,626.77,618.11
4/18/16,635.35,4351587,625.35,637.64,624.96
4/19/16,627.90,4054469,637.14,638.01,620.80
4/20/16,632.99,2603048,630.00,636.55,623.00
4/21/16,631.00,2569681,631.00,637.82,628.50
4/22/16,620.50,5081401,624.47,628.25,611.56
4/25/16,626.20,2680835,616.61,626.98,616.25
4/26/16,616.88,2507082,626.17,626.75,614.88
4/27/16,606.57,4058455,611.80,615.95,601.28
4/28/16,602.00,7631449,615.54,626.80,599.20
4/29/16,659.59,10303510,666.00,669.98,654.00
5/2/16,683.85,6567445,663.92,685.50,662.03
5/3/16,671.32,4917284,677.36,680.30,670.43
5/4/16,670.90,4631988,662.59,674.00,662.14
5/5/16,659.09,4877179,673.31,676.49,656.00
5/6/16,673.95,4362455,656.05,676.95,656.01
5/9/16,679.75,3974324,673.95,686.98,671.41
5/10/16,703.07,6093507,694.00,704.55,693.50
5/11/16,713.23,7327956,705.79,719.00,701.65
5/12/16,717.93,5038030,717.38,722.45,711.51
5/13/16,709.92,4750859,714.64,719.25,706.51
5/16/16,710.66,5431729,710.13,713.25,700.28
5/17/16,695.27,5102768,709.90,714.47,693.91
5/18/16,697.45,4277735,689.56,702.54,688.76
5/19/16,698.52,3022212,691.88,699.40,689.56
5/20/16,702.80,2875429,701.05,707.24,700.00
5/23/16,696.75,2586909,704.25,706.00,696.42
5/24/16,704.20,3026450,698.01,707.50,698.00
5/25/16,708.35,3269475,708.00,710.86,705.52
5/26/16,714.91,2441497,708.33,715.00,707.29
5/27/16,712.24,2247612,715.00,716.60,711.10
5/31/16,722.79,3612510,712.33,724.23,711.32
6/1/16,719.44,3260486,720.90,726.43,718.22
6/2/16,728.24,3022321,720.97,728.28,715.50
6/3/16,725.54,3362610,726.74,727.00,718.43
6/6/16,726.73,2695531,726.50,731.50,724.42
6/7/16,723.74,2730693,729.89,730.00,720.55
6/8/16,726.64,2221777,726.40,729.42,721.60
6/9/16,727.65,2169259,723.10,728.91,722.30
6/10/16,717.91,3420884,722.35,724.98,714.21
6/13/16,715.24,3349654,714.01,721.99,711.16
6/14/16,719.30,2499062,712.33,720.81,712.27
6/15/16,714.26,2705287,722.00,722.56,713.35
6/16/16,717.51,3094837,712.05,718.00,705.30
6/17/16,706.39,5863150,718.19,718.20,699.18
6/20/16,714.01,3673116,713.50,721.31,710.81
6/21/16,715.82,2111948,715.72,718.40,712.72
6/22/16,710.60,2255233,716.58,717.00,707.57
6/23/16,722.08,2808909,715.50,722.12,712.50
6/24/16,698.96,7613808,693.00,712.53,692.20
6/27/16,691.36,5571322,692.01,696.82,682.12
6/28/16,707.95,4032509,700.00,708.00,698.17
6/29/16,715.60,3065364,715.75,719.50,713.54
6/30/16,715.62,2843622,717.20,719.37,712.54
7/1/16,725.68,2918061,717.32,728.00,716.54
7/5/16,728.10,2426204,722.80,729.56,719.61
7/6/16,737.61,3929890,725.71,737.77,722.58
7/7/16,736.57,2939304,739.33,739.55,731.63
7/8/16,745.81,3427197,740.14,746.10,738.00
7/11/16,753.78,3190358,750.00,755.90,747.00
7/12/16,748.21,5608111,756.86,757.34,740.33
7/13/16,742.63,4130770,746.76,756.87,741.25
7/14/16,741.20,2385498,748.86,749.04,739.02
7/15/16,735.44,3099239,746.55,746.55,734.05
7/18/16,736.07,2952099,735.49,741.60,728.72
7/19/16,739.95,2210751,732.50,743.33,732.31
7/20/16,745.72,2192779,744.00,746.25,740.70
7/21/16,744.43,2315367,747.50,749.36,742.79
7/22/16,744.86,2259345,747.79,751.28,743.53
7/25/16,739.61,2673985,746.55,748.50,735.35
7/26/16,735.59,2497689,742.71,743.13,732.75
7/27/16,736.67,2871079,737.97,740.94,733.86
7/28/16,752.61,7246871,745.98,753.36,739.70
7/29/16,758.81,6763498,765.00,766.00,755.00
8/1/16,767.74,3572321,759.87,770.50,757.06
8/2/16,760.58,3596808,763.81,765.01,757.02
8/3/16,754.64,3579523,757.06,758.89,752.25
8/4/16,760.77,3176858,753.70,765.00,750.35
8/5/16,765.98,2702266,764.81,768.47,763.09
8/8/16,766.56,1981337,766.81,767.00,761.02
8/9/16,768.31,1874890,767.39,772.60,766.90
8/10/16,768.56,1601412,769.80,772.10,766.19
8/11/16,771.24,2017239,769.94,773.75,769.12
8/12/16,772.56,1562083,768.46,773.15,768.42
8/15/16,768.49,2116300,771.90,772.04,767.71
8/16/16,764.04,1601165,768.62,768.73,763.82
8/17/16,764.63,1887316,764.41,765.22,759.20
8/18/16,764.46,1458281,764.00,765.17,760.60
8/19/16,757.31,2337567,761.90,762.49,756.89
8/22/16,759.48,1677625,757.50,759.85,752.10
8/23/16,762.45,1521747,763.31,764.70,761.00
8/24/16,757.25,1742565,763.00,763.41,755.36
8/25/16,759.22,1622017,756.00,760.56,754.74
8/26/16,769.00,2769520,760.05,770.00,759.80
8/29/16,771.29,2196156,768.72,774.98,768.60
8/30/16,767.58,1788141,771.05,771.84,765.56
8/31/16,769.16,1630792,766.60,769.64,764.00
9/1/16,770.62,1790751,770.90,772.04,766.75
9/2/16,772.44,2168238,774.11,776.00,771.70
9/6/16,788.87,3716541,774.04,789.48,770.22
9/7/16,784.48,2422453,789.53,790.79,784.33
9/8/16,784.06,2027915,783.89,786.50,781.44
9/9/16,760.14,4246938,779.36,781.00,760.11
9/12/16,771.49,3118879,757.35,772.66,756.00
9/13/16,761.01,3115662,768.77,769.89,759.05
9/14/16,761.09,2529304,762.20,767.50,758.85
9/15/16,769.69,3036442,762.00,770.87,757.58
9/16/16,778.52,5495339,773.28,780.46,771.66
9/19/16,775.10,2293948,779.97,781.94,771.00
9/20/16,780.22,1932706,776.00,781.37,776.00
9/21/16,789.74,2712733,783.25,790.69,779.01
9/22/16,804.70,4073362,794.27,805.89,794.27
9/23/16,805.75,2350777,803.13,807.75,802.12
9/26/16,799.16,2649176,801.80,805.93,797.15
9/27/16,816.11,3812930,801.85,816.64,801.11
9/28/16,828.72,4418171,818.00,830.14,817.03
9/29/16,829.05,4918973,828.26,837.50,824.63
9/30/16,837.31,4425478,832.61,839.95,832.40
10/3/16,836.74,2764010,836.00,839.86,831.25
10/4/16,834.03,2948840,840.91,842.37,830.26
10/5/16,844.36,3456636,838.00,845.67,836.12
10/6/16,841.66,2681335,843.70,847.21,840.60
10/7/16,839.43,2423112,845.79,845.95,837.45
10/10/16,841.71,1819724,843.25,845.20,840.27
10/11/16,831.00,3584648,841.02,841.29,828.35
10/12/16,834.09,2373674,834.00,837.67,830.10
10/13/16,829.28,3088844,829.00,831.80,821.21
10/14/16,822.96,2994703,835.08,835.74,822.96
10/17/16,812.95,3355137,821.50,822.00,811.68
10/18/16,817.65,2507218,822.11,823.26,815.02
10/19/16,817.69,2086337,820.40,820.67,815.17
10/20/16,810.32,3148334,813.99,815.71,803.10
10/21/16,818.99,2790354,809.36,819.42,809.00
10/24/16,838.09,4052218,824.95,838.30,822.21
10/25/16,835.18,3239776,839.30,843.09,833.22
10/26/16,822.59,3985249,832.76,833.44,820.00
10/27/16,818.36,7156567,831.24,831.72,815.43
10/28/16,776.32,10832630,782.00,789.49,774.61
10/31/16,789.82,5408996,781.03,793.70,780.11
11/1/16,785.41,5300121,799.00,800.84,776.71
11/2/16,765.56,4981311,783.93,784.75,763.55
11/3/16,767.03,3867205,765.05,777.00,764.00
11/4/16,755.05,5115398,762.79,766.00,753.23
11/7/16,784.93,5977338,771.64,787.73,770.94
11/8/16,787.75,3382350,784.97,791.74,779.10
11/9/16,771.88,8555177,764.00,777.50,760.09
11/10/16,742.38,12733320,778.81,778.83,717.70
11/11/16,739.01,6610022,735.73,743.26,728.90
11/14/16,719.07,7300631,745.51,746.00,710.10
11/15/16,743.24,6749867,730.00,746.78,725.99
11/16/16,746.49,3604217,739.88,749.87,735.61
11/17/16,756.40,3662939,749.32,757.50,748.00
11/18/16,760.16,4365888,761.00,767.74,757.64
11/21/16,780.00,4600908,766.00,780.35,765.11
11/22/16,785.33,5306588,788.17,792.40,781.00
11/23/16,780.12,3533297,781.73,781.75,773.12
11/25/16,780.37,1837068,786.50,786.75,777.90
11/28/16,766.77,4383855,776.99,777.00,764.24
11/29/16,762.52,3267884,768.00,769.89,761.32
11/30/16,750.57,4607152,762.00,768.09,750.25
12/1/16,743.65,4650761,752.41,753.37,738.03
12/2/16,740.34,3556552,743.40,748.49,736.70
12/5/16,759.36,4304728,745.00,761.49,742.00
12/6/16,764.72,3792379,763.99,768.24,757.25
12/7/16,770.42,3679153,764.55,770.42,755.82
12/8/16,767.33,3187047,771.87,773.79,765.19
12/9/16,768.66,2464356,770.00,770.25,765.34
12/12/16,760.12,2958869,766.40,766.89,757.20
12/13/16,774.34,5253129,764.96,782.46,762.00
12/14/16,768.82,5446965,778.25,780.86,762.81
12/15/16,761.00,3795503,766.28,769.10,760.31
12/16/16,757.77,4846155,765.00,765.13,754.00
12/19/16,766.00,3107956,758.89,770.50,756.16
12/20/16,771.22,2701395,768.65,774.39,767.71
12/21/16,770.60,2041288,770.00,771.22,765.70
12/22/16,766.34,2521462,768.12,771.21,763.02
12/23/16,760.59,1978722,764.55,766.50,757.99
12/27/16,771.40,2630692,763.40,774.65,761.20
12/28/16,772.13,3282597,776.25,780.00,770.50
12/29/16,765.15,3154980,772.40,773.40,760.85
12/30/16,749.87,4132707,766.47,767.40,748.28
1/3/17,753.67,3519877,757.92,758.76,747.70
1/4/17,757.18,2505296,758.39,759.68,754.20
1/5/17,780.45,5820195,761.55,782.40,760.26
1/6/17,795.99,5981169,782.36,799.44,778.48
1/9/17,796.92,3442864,798.00,801.77,791.77
1/10/17,795.90,2557640,796.60,798.00,789.54
1/11/17,799.02,2986267,793.66,799.50,789.51
1/12/17,813.64,4865798,800.31,814.13,799.50
1/13/17,817.14,3777135,814.32,821.65,811.40
1/17/17,809.72,3668111,815.70,816.00,803.44
1/18/17,807.48,2344879,809.50,811.73,804.27
1/19/17,809.04,2529569,810.00,813.51,807.32
1/20/17,808.33,3373183,815.28,816.02,806.26
1/23/17,817.88,2794228,806.80,818.50,805.08
1/24/17,822.44,2967753,822.00,823.99,814.50
1/25/17,836.52,3931475,825.79,837.42,825.29
1/26/17,839.15,3571395,835.53,843.84,833.00
1/27/17,835.77,2994700,839.00,839.70,829.44
1/30/17,830.38,3681441,833.00,833.50,816.38
1/31/17,823.48,3129269,823.75,826.99,819.56
2/1/17,832.35,3831319,829.21,833.78,824.94
2/2/17,839.95,7043095,836.59,842.49,828.26
2/3/17,810.20,10855610,806.72,818.30,804.00
2/6/17,807.64,3827284,809.80,810.72,803.00
2/7/17,812.50,3463842,809.31,816.16,807.50
2/8/17,819.71,2856058,812.69,821.48,812.50
2/9/17,821.36,2482464,821.60,825.00,819.71
2/10/17,827.46,2427817,823.82,828.00,822.85
2/13/17,836.53,4167521,831.62,843.00,828.55
2/14/17,836.39,2789377,837.00,838.31,831.45
2/15/17,842.70,2960469,834.00,842.81,832.82
2/16/17,844.14,2710595,841.84,845.00,839.38
2/17/17,845.07,3036616,842.00,847.27,840.73
2/21/17,856.44,3506621,848.84,857.98,847.25
2/22/17,855.61,2615385,856.95,858.43,852.18
2/23/17,852.19,3459287,857.57,860.86,848.00
2/24/17,845.24,3684473,844.69,845.81,837.75
2/27/17,848.64,2703855,842.38,852.50,839.67
2/28/17,845.04,2787892,851.45,854.09,842.05
3/1/17,853.08,2758169,853.05,854.83,849.01
3/2/17,848.91,2130010,853.08,854.82,847.28
3/3/17,849.88,1948195,847.20,851.99,846.27
3/6/17,846.61,2609139,845.23,848.49,841.12
3/7/17,846.02,2246216,845.48,848.46,843.75
3/8/17,850.50,2286974,848.00,853.07,846.79
3/9/17,853.00,2043932,851.00,856.40,850.31
3/10/17,852.46,2434254,857.00,857.35,851.72
3/13/17,854.59,1906941,851.77,855.69,851.71
3/14/17,852.53,2129358,853.55,853.75,847.55
3/15/17,852.97,2559702,854.33,854.45,847.11
3/16/17,853.42,1841507,855.30,855.50,850.51
3/17/17,852.31,3383423,853.49,853.83,850.64
3/20/17,856.97,2261699,851.51,857.80,851.01
3/21/17,843.20,4376927,858.84,862.80,841.31
3/22/17,848.06,2652225,840.43,849.37,839.05
3/23/17,847.38,1947627,848.20,850.89,844.80
3/24/17,845.61,2135812,851.68,851.80,843.53
3/27/17,846.82,2754903,838.07,850.30,833.50
3/28/17,856.00,3037117,851.75,858.46,850.10
3/29/17,874.32,4479102,859.05,876.44,859.02
3/30/17,876.34,2758154,874.95,877.06,871.66
3/31/17,886.54,3949283,877.00,890.35,876.65
4/3/17,891.51,3418998,888.00,893.49,885.42
4/4/17,906.83,4976736,891.50,908.54,890.28
4/5/17,909.28,7497229,910.82,923.72,905.62
4/6/17,898.28,6338183,913.80,917.19,894.49
4/7/17,894.88,3708367,899.65,900.09,889.31
4/10/17,907.04,3180999,899.63,908.51,899.00
4/11/17,902.36,3008307,907.04,911.24,897.50
4/12/17,896.23,2451575,903.09,904.09,895.25
4/13/17,884.67,3169025,891.45,894.97,884.49
4/17/17,901.99,2849145,887.50,902.38,887.50
4/18/17,903.78,2996639,900.99,909.61,900.78
4/19/17,899.20,2865603,907.84,910.50,897.37
4/20/17,902.06,2808837,899.70,905.32,896.29
4/21/17,898.53,2408664,902.67,903.65,896.77
4/24/17,907.41,3118154,908.68,909.99,903.82
4/25/17,907.62,3375239,907.04,909.48,903.00
4/26/17,909.29,2603720,910.30,915.75,907.56
4/27/17,918.38,5195293,914.39,921.86,912.11
4/28/17,924.99,7354916,948.83,949.59,924.33
5/1/17,948.23,5459454,927.80,954.40,927.80
5/2/17,946.94,3814589,946.65,950.10,941.41
5/3/17,941.03,3578108,946.00,946.00,935.90
5/4/17,937.53,2413486,944.75,945.00,934.22
5/5/17,934.15,2863978,940.52,940.79,930.30
5/8/17,949.04,3406954,940.95,949.05,939.21
5/9/17,952.82,3256357,952.80,957.89,950.20
5/10/17,948.95,2093334,953.50,953.75,945.00
5/11/17,947.62,2190678,945.11,950.29,940.78
5/12/17,961.35,3622639,954.50,962.79,951.53
5/15/17,957.97,4261618,958.73,963.15,956.06
5/16/17,966.07,3114640,961.00,970.06,960.91
5/17/17,944.76,5129887,954.70,960.40,944.12
5/18/17,958.49,3898729,944.80,962.75,944.76
5/19/17,959.84,3967552,962.84,968.92,959.72
5/22/17,970.67,2631854,964.00,971.38,962.90
5/23/17,971.54,2412406,975.02,975.20,966.85
5/24/17,980.35,2455977,976.00,981.00,970.23
5/25/17,993.38,4817312,984.85,999.00,982.11
5/26/17,995.78,3462132,995.00,998.65,989.25
5/30/17,996.70,3256230,996.51,1001.20,995.52
5/31/17,994.62,3913721,1000.00,1000.12,982.16
6/1/17,995.95,2451407,998.59,998.99,991.37
6/2/17,1006.73,3749489,998.99,1008.48,995.67
6/5/17,1011.34,2717283,1007.23,1013.21,1003.51
6/6/17,1003.00,3341855,1012.00,1016.50,1001.25
6/7/17,1010.07,2818880,1005.95,1010.25,1002.00
6/8/17,1010.27,2756796,1012.06,1013.61,1006.11
6/9/17,978.31,7634038,1012.50,1012.99,927.00
6/12/17,964.91,9437061,967.00,975.95,945.00
6/13/17,980.79,4569183,977.99,984.50,966.10
6/14/17,976.47,3965444,988.59,990.34,966.71
6/15/17,964.17,5230302,958.70,965.73,950.86
6/16/17,987.71,11439080,996.00,999.75,982.00
6/19/17,995.17,5019791,1017.00,1017.00,989.90
6/20/17,992.59,4069195,998.00,1004.88,992.02
6/21/17,1002.23,2916743,998.70,1002.72,992.65
6/22/17,1001.30,2249784,1002.23,1006.96,997.20
6/23/17,1003.74,2876508,1002.54,1004.62,998.02
6/26/17,993.98,3382126,1008.50,1009.80,992.00
6/27/17,976.78,3759865,990.69,998.80,976.00
6/28/17,990.33,3721937,978.55,990.68,969.21
6/29/17,975.93,4295828,979.00,987.56,965.25
6/30/17,968.00,3383436,980.12,983.47,967.61
7/3/17,953.66,2909108,972.79,974.49,951.00
7/5/17,971.40,3648765,961.53,975.00,955.25
7/6/17,965.14,3257432,964.66,974.40,959.02
7/7/17,978.76,2589778,969.55,980.11,969.14
7/10/17,996.47,3515968,985.00,999.44,983.50
7/11/17,994.13,2978422,993.00,995.99,983.72
7/12/17,1006.51,3605227,1000.65,1008.55,998.10
7/13/17,1000.63,2877854,1004.62,1006.88,995.90
7/14/17,1001.81,2100941,1002.40,1004.45,996.89
7/17/17,1010.04,3685206,1004.69,1014.75,1003.81
7/18/17,1024.45,4002293,1006.00,1026.03,1004.00
7/19/17,1026.87,2955263,1025.00,1031.59,1022.50
7/20/17,1028.70,3074300,1031.59,1034.97,1022.52
7/21/17,1025.67,2726844,1021.28,1026.10,1011.00
7/24/17,1038.95,3277624,1028.34,1043.01,1027.43
7/25/17,1039.87,2444862,1038.05,1043.33,1032.48
7/26/17,1052.80,2881423,1043.20,1053.20,1043.20
7/27/17,1046.00,10830380,1069.55,1083.31,1040.18
7/28/17,1020.04,7674669,1012.14,1032.85,1001.00
7/31/17,987.78,7326177,1019.05,1019.05,987.02
8/1/17,996.19,4527979,996.11,1006.40,991.58
8/2/17,995.89,4061270,1001.77,1003.21,981.73
8/3/17,986.92,3252699,999.47,999.50,984.59
8/4/17,987.58,2726739,989.68,991.67,982.00
8/7/17,992.27,2670187,990.65,995.00,987.14
8/8/17,989.84,2886062,994.35,996.28,985.79
8/9/17,982.01,3568120,982.60,988.00,975.27
8/10/17,956.92,5600182,976.30,979.86,954.68
8/11/17,967.99,3464615,960.00,970.39,951.38
8/14/17,983.30,3168461,978.41,985.50,976.19
8/15/17,982.74,2544452,988.90,991.74,982.00
8/16/17,978.18,3125408,981.65,986.46,973.22
8/17/17,960.57,3456073,977.84,977.84,960.32
8/18/17,958.47,3275276,961.40,965.43,954.65
8/21/17,953.29,3156891,957.57,961.20,945.46
8/22/17,966.90,2745796,955.52,967.93,955.50
8/23/17,958.00,2642936,959.38,962.00,954.20
8/24/17,952.45,5186993,957.42,959.00,941.14
8/25/17,945.26,3316602,956.00,957.62,944.10
8/28/17,946.02,2576456,946.54,953.00,942.25
8/29/17,954.06,2871568,940.00,956.00,936.33
8/30/17,967.59,2897969,958.44,969.41,956.91
8/31/17,980.60,3314687,974.70,981.00,972.76
9/1/17,978.25,2533779,984.20,984.50,976.88
9/5/17,965.27,2996501,975.40,976.77,960.37
9/6/17,967.80,2125371,968.32,971.84,960.60
9/7/17,979.47,2562517,974.00,980.59,972.55
9/8/17,965.90,2589038,979.10,979.88,963.47
9/11/17,977.96,2171998,974.46,981.94,974.22
9/12/17,982.58,2475557,983.27,984.67,975.52
9/13/17,999.60,3360247,983.97,1000.00,979.42
9/14/17,992.21,3899558,996.80,998.56,987.74
9/15/17,986.79,3749512,993.01,996.25,984.03
9/18/17,974.19,3400701,990.40,992.79,968.17
9/19/17,969.86,2629721,977.25,978.24,967.46
9/20/17,973.21,2752256,971.79,974.81,962.16
9/21/17,964.65,2276374,971.31,971.70,962.02
9/22/17,955.10,2629433,961.01,965.61,954.42
9/25/17,939.79,5115097,949.31,949.42,932.89
9/26/17,938.60,3504345,945.49,948.63,931.75
9/27/17,950.87,3145310,948.00,955.30,943.30
9/28/17,956.40,2521285,951.86,959.70,950.10
9/29/17,961.35,2509194,960.11,964.83,958.38
10/2/17,959.19,2425585,964.00,967.31,952.12
10/3/17,957.10,2664290,958.00,963.69,950.37
10/4/17,965.45,2518509,954.21,967.79,954.05
10/5/17,980.85,3220080,970.00,981.51,969.64
10/6/17,989.58,3747408,975.64,995.75,975.64
10/9/17,990.99,2936073,993.24,998.50,987.50
10/10/17,987.20,3082929,996.67,997.95,980.10
10/11/17,995.00,2335062,991.27,995.50,986.70
10/12/17,1000.93,4083076,996.81,1008.44,992.40
10/13/17,1002.94,2429175,1007.00,1007.77,1001.03
10/16/17,1006.34,2004816,1008.44,1009.57,1001.04
10/17/17,1009.13,2318762,1005.59,1011.47,1004.38
10/18/17,997.00,2496848,1009.27,1022.31,996.55
10/19/17,986.61,3084459,990.00,991.05,980.24
10/20/17,982.91,2343556,993.53,994.62,982.00
10/23/17,966.30,3482123,986.73,986.78,962.50
10/24/17,975.90,2713262,969.00,979.85,965.00
10/25/17,972.91,3029395,978.00,984.44,966.24
10/26/17,972.43,5392856,980.33,982.90,968.55
10/27/17,1100.95,16547950,1058.14,1105.58,1050.55
10/30/17,1110.85,6608244,1095.01,1122.79,1093.56
10/31/17,1105.28,3474886,1109.00,1110.54,1101.12
11/1/17,1103.68,3743189,1105.40,1108.97,1096.74
11/2/17,1094.22,3683447,1097.81,1101.94,1086.87
11/3/17,1111.60,3739141,1091.15,1112.68,1088.52
11/6/17,1120.66,3331032,1109.15,1125.41,1108.77
11/7/17,1123.17,2684125,1124.74,1130.60,1117.50
11/8/17,1132.88,2575956,1122.82,1135.54,1119.11
11/9/17,1129.13,3729458,1125.96,1129.62,1115.77
11/10/17,1125.35,2178670,1126.10,1131.75,1124.06
11/13/17,1129.17,2913376,1123.00,1139.90,1122.34
11/14/17,1136.84,3136307,1130.11,1138.00,1123.89
11/15/17,1126.69,3917182,1127.01,1131.75,1121.63
11/16/17,1137.29,2210454,1130.16,1138.16,1130.05
11/17/17,1129.88,2360174,1138.28,1138.80,1125.81
11/20/17,1126.31,2146183,1129.77,1133.42,1122.55
11/21/17,1139.49,2461416,1132.86,1140.00,1128.20
11/22/17,1156.16,3549453,1141.00,1160.27,1141.00
11/24/17,1186.00,3528011,1160.70,1186.84,1160.70
11/27/17,1195.83,6718385,1202.66,1213.41,1191.15
11/28/17,1193.60,4548064,1204.88,1205.34,1188.52
11/29/17,1161.27,9242181,1194.80,1194.80,1145.19
11/30/17,1176.75,4472454,1167.10,1178.57,1160.00
12/1/17,1162.35,4101175,1172.05,1179.65,1152.00
12/4/17,1133.95,5926970,1173.85,1175.20,1128.00
12/5/17,1141.57,4074846,1128.26,1159.27,1124.74
12/6/17,1152.35,2777524,1137.99,1155.89,1136.08
12/7/17,1159.79,2508813,1156.59,1163.19,1151.00
12/8/17,1162.00,2979278,1170.40,1172.79,1157.10
12/11/17,1168.92,2360068,1164.60,1169.90,1157.00
12/12/17,1165.08,2208812,1166.51,1173.60,1161.61
12/13/17,1164.13,2588740,1170.00,1170.87,1160.27
12/14/17,1174.26,3120265,1163.71,1177.93,1162.45
12/15/17,1179.14,4775009,1179.03,1182.75,1169.33
12/18/17,1190.58,2943252,1187.37,1194.78,1180.91
12/19/17,1187.38,2574578,1189.15,1192.97,1179.14
12/20/17,1177.62,2364984,1190.50,1191.00,1176.00
12/21/17,1174.76,2055103,1175.90,1179.17,1167.64
12/22/17,1168.36,1575845,1172.08,1174.62,1167.83
12/26/17,1176.76,1988906,1168.36,1178.32,1160.55
12/27/17,1182.26,1866171,1179.91,1187.29,1175.61
12/28/17,1186.10,1838549,1189.00,1190.10,1184.38
12/29/17,1169.47,2678122,1182.35,1184.00,1167.50
1/2/18,1189.01,2673958,1172.00,1190.00,1170.51
1/3/18,1204.20,3094175,1188.30,1205.49,1188.30
1/4/18,1209.59,3015997,1205.00,1215.87,1204.66
1/5/18,1229.14,3536299,1217.51,1229.14,1210.00
1/8/18,1246.87,4270121,1236.00,1253.08,1232.03
1/9/18,1252.70,3657243,1256.90,1259.33,1241.76
1/10/18,1254.33,2679832,1245.15,1254.33,1237.23
1/11/18,1276.68,3104031,1259.74,1276.77,1256.46
1/12/18,1305.20,5434547,1273.39,1305.76,1273.39
1/16/18,1304.86,7155026,1323.00,1339.94,1292.30
1/17/18,1295.00,5240634,1312.24,1314.00,1280.88
1/18/18,1293.32,4021640,1293.95,1304.60,1284.02
1/19/18,1294.58,4455108,1312.00,1313.00,1292.99
1/22/18,1327.31,4126235,1297.17,1327.45,1296.66
1/23/18,1362.54,5130673,1338.09,1364.90,1337.34
1/24/18,1357.51,6781297,1374.82,1388.16,1338.00
1/25/18,1377.95,4741473,1368.00,1378.34,1357.62
1/26/18,1402.05,4825682,1392.01,1402.53,1380.91
1/29/18,1417.68,5690168,1409.18,1431.39,1400.44
1/30/18,1437.82,5802415,1403.17,1439.25,1392.00
1/31/18,1450.89,6386185,1451.30,1472.58,1450.04
2/1/18,1390.00,8985040,1445.00,1459.88,1385.14
2/2/18,1429.95,11014340,1477.39,1498.00,1414.00
2/5/18,1390.00,11422520,1402.62,1458.98,1320.72
2/6/18,1442.84,10937550,1361.46,1443.99,1351.79
2/7/18,1416.78,7126128,1449.00,1460.99,1415.15
2/8/18,1350.50,8496355,1429.68,1433.75,1349.94
2/9/18,1339.60,14128670,1373.49,1383.50,1265.93
2/12/18,1386.23,6718037,1364.67,1393.81,1344.01
2/13/18,1414.51,5880823,1385.93,1419.72,1383.53
2/14/18,1451.05,5940392,1406.25,1452.06,1403.36
2/15/18,1461.76,5634873,1466.89,1468.94,1436.84
2/16/18,1448.69,4464048,1457.37,1465.80,1446.56
2/20/18,1468.35,6473520,1446.49,1488.77,1446.49
2/21/18,1482.92,6270085,1485.00,1503.49,1478.92
2/22/18,1485.34,4806267,1495.36,1502.54,1475.76
2/23/18,1500.00,4395443,1495.34,1500.00,1486.50
2/26/18,1521.95,4944679,1509.20,1522.84,1507.00
2/27/18,1511.98,4791167,1524.50,1526.78,1507.21
2/28/18,1512.45,4498688,1519.51,1528.70,1512.00
3/1/18,1493.45,6820462,1513.60,1518.49,1465.00
3/2/18,1500.25,6573973,1469.10,1501.05,1455.01
3/5/18,1523.61,5192119,1494.24,1525.38,1481.00
3/6/18,1537.64,4433105,1533.20,1542.13,1528.00
3/7/18,1545.00,4164829,1526.52,1545.90,1522.51
3/8/18,1551.86,3882904,1550.00,1554.88,1545.25
3/9/18,1578.89,4508650,1563.50,1578.94,1559.08
3/12/18,1598.39,5146149,1592.60,1605.33,1586.70
3/13/18,1588.18,6514336,1615.96,1617.54,1578.01
3/14/18,1591.00,4236655,1597.00,1606.44,1590.89
3/15/18,1582.32,4057694,1595.00,1596.91,1578.11
3/16/18,1571.68,5291848,1583.45,1589.44,1567.50
3/19/18,1544.93,6406413,1554.53,1561.66,1525.35
3/20/18,1586.51,4554675,1550.34,1587.00,1545.41
3/21/18,1581.86,4740884,1586.45,1590.00,1563.17
3/22/18,1544.92,6213379,1565.47,1573.85,1542.40
3/23/18,1495.56,7977655,1539.01,1549.02,1495.36
3/26/18,1555.86,5592200,1530.00,1556.99,1499.25
3/27/18,1497.05,6887274,1572.40,1575.97,1482.32
3/28/18,1431.42,13680370,1447.00,1455.90,1386.17
3/29/18,1447.34,12570020,1406.00,1455.47,1365.20
4/2/18,1371.99,10432560,1417.62,1421.36,1355.00
4/3/18,1392.05,10212940,1391.38,1414.00,1355.33
4/4/18,1410.57,6942485,1358.24,1415.39,1352.88
4/5/18,1451.75,6305513,1441.99,1459.56,1427.07
4/6/18,1405.23,5838758,1429.97,1452.50,1400.26
4/9/18,1406.08,4193564,1425.03,1438.48,1402.57
4/10/18,1436.22,4258358,1431.99,1438.38,1415.70
4/11/18,1427.05,3544449,1439.44,1448.78,1424.89
4/12/18,1448.50,3116939,1439.50,1452.12,1435.06
4/13/18,1430.79,3637586,1449.14,1459.78,1424.52
4/16/18,1441.50,2773836,1445.00,1447.00,1427.48
4/17/18,1503.83,5008532,1462.30,1507.19,1457.02
4/18/18,1527.84,5091677,1514.65,1533.80,1504.11
4/19/18,1556.91,6483967,1543.22,1568.52,1539.06
4/20/18,1527.49,5520642,1561.20,1561.20,1516.09
4/23/18,1517.86,4447801,1546.69,1548.00,1503.41
4/24/18,1460.09,7470059,1535.80,1539.50,1448.45
4/25/18,1460.17,6365989,1458.00,1469.99,1415.02
4/26/18,1517.96,8309864,1485.01,1529.42,1478.50
4/27/18,1572.62,13025430,1634.01,1638.10,1567.39
4/30/18,1566.13,5421282,1582.50,1596.00,1560.94
5/1/18,1582.26,4551661,1563.22,1585.00,1552.18
5/2/18,1569.68,4252230,1580.98,1588.50,1566.36
5/3/18,1572.08,4235885,1560.01,1574.80,1546.02
5/4/18,1580.95,3414088,1562.45,1584.90,1562.19
5/7/18,1600.14,3793376,1589.34,1606.95,1587.83
5/8/18,1592.39,3033526,1595.00,1596.88,1582.51
5/9/18,1608.00,3628661,1600.00,1608.00,1592.00
5/10/18,1609.08,2785394,1608.48,1615.60,1603.44
5/11/18,1602.91,2258583,1610.99,1611.10,1597.89
5/14/18,1601.54,2460302,1604.00,1611.18,1600.05
5/15/18,1576.12,5066420,1587.80,1587.80,1565.22
5/16/18,1587.28,2535458,1577.50,1594.43,1576.67
5/17/18,1581.76,2131238,1580.56,1594.04,1573.00
5/18/18,1574.37,2612564,1581.33,1583.59,1572.10
5/21/18,1585.46,2840655,1585.00,1592.05,1575.00
5/22/18,1581.40,2053733,1589.89,1589.89,1575.25
5/23/18,1601.86,3348540,1571.05,1601.86,1566.34
5/24/18,1603.07,3383788,1598.03,1608.24,1588.38
5/25/18,1610.15,2624784,1603.00,1614.12,1600.45
5/29/18,1612.87,3837381,1600.71,1621.79,1600.15
5/30/18,1624.89,2892704,1618.10,1626.00,1612.93
5/31/18,1629.62,3157622,1623.00,1635.00,1621.35
6/1/18,1641.54,3302466,1637.03,1646.73,1635.09
6/4/18,1665.27,3178387,1648.90,1665.68,1645.49
6/5/18,1696.35,4733275,1672.99,1699.00,1670.06
6/6/18,1695.75,5466032,1704.51,1714.50,1686.47
6/7/18,1689.30,3756128,1698.56,1699.90,1676.11
6/8/18,1683.99,2949020,1681.12,1689.44,1673.01
6/11/18,1689.12,2317881,1681.51,1694.24,1680.59
6/12/18,1698.75,2203056,1693.00,1699.51,1691.52
6/13/18,1704.86,3315258,1702.81,1713.75,1700.12
6/14/18,1723.86,3157127,1713.48,1724.80,1708.87
6/15/18,1715.97,4729101,1714.00,1720.87,1708.52
6/18/18,1723.79,3094110,1706.26,1726.74,1702.56
6/19/18,1734.78,4278496,1709.04,1736.11,1700.39
6/20/18,1750.08,4320836,1742.50,1762.93,1741.36
6/21/18,1730.22,4913177,1760.00,1763.10,1717.56
6/22/18,1715.67,4050059,1742.62,1743.00,1711.90
6/25/18,1663.15,7494818,1702.51,1705.00,1646.31
6/26/18,1691.09,4295320,1672.37,1701.57,1663.34
6/27/18,1660.51,4778872,1708.11,1711.95,1660.00
6/28/18,1701.45,4521788,1672.54,1705.50,1661.17
6/29/18,1699.80,4486680,1717.00,1723.41,1694.32
7/2/18,1713.78,3180640,1682.70,1713.89,1678.06
7/3/18,1693.96,2177276,1723.96,1725.00,1692.48
7/5/18,1699.73,2974047,1705.38,1710.69,1682.15
7/6/18,1710.63,2586450,1696.00,1715.27,1691.67
7/9/18,1739.02,2926194,1724.05,1739.56,1716.23
7/10/18,1743.07,2977310,1738.53,1750.00,1731.00
7/11/18,1755.00,3167209,1737.99,1756.96,1734.00
7/12/18,1796.62,4511274,1764.51,1798.00,1762.18
7/13/18,1813.03,4381802,1803.93,1815.30,1795.23
7/16/18,1822.49,5425916,1821.95,1841.95,1814.45
7/17/18,1843.93,5660705,1811.56,1851.69,1797.38
7/18/18,1842.92,4851208,1848.00,1858.88,1831.27
7/19/18,1812.97,4590063,1829.46,1841.00,1811.27
7/20/18,1813.70,3879448,1825.01,1834.84,1810.06
7/23/18,1802.00,3858903,1812.21,1819.00,1769.99
7/24/18,1829.24,4228340,1829.01,1840.00,1809.38
7/25/18,1863.61,3657664,1829.30,1863.84,1822.64
7/26/18,1808.00,9637399,1839.00,1844.68,1804.50
7/27/18,1817.27,9670042,1876.05,1880.05,1806.53
7/30/18,1779.22,6542712,1827.33,1829.50,1766.02
7/31/18,1777.44,5716449,1786.49,1801.83,1739.32
8/1/18,1797.17,4139144,1784.00,1798.44,1776.02
8/2/18,1834.33,4337911,1788.77,1836.56,1786.00
8/3/18,1823.29,3454718,1837.74,1841.00,1821.50
8/6/18,1847.75,3383971,1825.81,1847.77,1818.92
8/7/18,1862.48,3332789,1854.53,1869.72,1846.27
8/8/18,1886.52,3922462,1861.00,1891.51,1854.50
8/9/18,1898.52,4844363,1882.00,1914.57,1877.48
8/10/18,1886.30,3623734,1888.51,1899.50,1878.21
8/13/18,1896.20,5508481,1898.50,1925.00,1893.67
8/14/18,1919.65,3918758,1919.39,1921.01,1900.00
8/15/18,1882.62,7658108,1909.55,1916.21,1869.79
8/16/18,1886.52,3884253,1903.94,1905.00,1883.55
8/17/18,1882.22,4088548,1885.80,1888.00,1855.55
8/20/18,1876.71,2854320,1890.57,1891.75,1866.06
8/21/18,1883.42,3068215,1880.00,1897.75,1874.41
8/22/18,1904.90,3058369,1876.64,1905.80,1876.64
8/23/18,1902.90,3548197,1907.17,1919.50,1900.76
8/24/18,1905.39,2781770,1910.51,1916.01,1902.54
8/27/18,1927.68,3546496,1915.00,1927.70,1909.28
8/28/18,1932.82,3070482,1937.73,1941.78,1928.82
8/29/18,1998.10,6432354,1953.45,1998.69,1948.94
8/30/18,2002.38,7254573,1997.42,2025.57,1986.90
8/31/18,2012.71,4148432,2007.00,2022.38,2004.74
9/4/18,2039.51,5703128,2026.50,2050.50,2013.00
9/5/18,1994.82,8197117,2038.11,2040.38,1989.89
9/6/18,1958.31,7473086,2006.51,2007.50,1935.21
9/7/18,1952.07,4856982,1938.71,1975.20,1937.35
9/10/18,1939.01,4481091,1971.00,1973.04,1931.52
9/11/18,1987.15,5016780,1928.27,1988.88,1917.00
9/12/18,1990.00,4407334,1994.00,2000.00,1962.44
9/13/18,1989.87,3605398,2000.00,2008.76,1982.03
9/14/18,1970.19,3587896,1992.93,1993.65,1959.22
9/17/18,1908.03,6981550,1954.73,1956.82,1887.41
9/18/18,1941.05,4231892,1918.65,1958.20,1915.44
9/19/18,1926.42,4037641,1940.50,1940.83,1904.90
9/20/18,1944.30,3142025,1938.58,1955.00,1932.25
9/21/18,1915.01,6774727,1954.22,1957.31,1910.50
9/24/18,1934.36,4146563,1903.79,1936.88,1865.00
9/25/18,1974.55,4351662,1942.90,1975.91,1938.85
9/26/18,1974.85,4262097,1968.50,1995.25,1961.52
9/27/18,2012.98,4295758,1993.24,2016.16,1988.58
9/28/18,2003.00,3991574,2004.41,2026.52,1996.46
10/1/18,2004.36,3457725,2021.99,2033.19,2003.60
10/2/18,1971.31,5360924,1999.99,2013.39,1965.77
10/3/18,1952.76,5167224,1981.70,1989.70,1949.81
10/4/18,1909.42,7240549,1949.00,1956.00,1896.57
10/5/18,1889.65,6816213,1917.99,1929.08,1862.83
10/8/18,1864.42,7346828,1874.00,1902.00,1830.66
10/9/18,1870.32,4732430,1859.99,1896.68,1852.32
10/10/18,1755.25,10878990,1857.89,1858.56,1754.41
10/11/18,1719.36,13858970,1724.00,1755.40,1685.10
10/12/18,1788.61,9385256,1808.00,1808.95,1742.53
10/15/18,1760.95,6360606,1795.00,1795.05,1734.23
10/16/18,1819.96,5826985,1783.50,1823.88,1761.55
10/17/18,1831.73,5282597,1842.79,1845.00,1807.00
10/18/18,1770.72,5839352,1821.49,1830.15,1767.87
10/19/18,1764.03,5854417,1785.16,1809.10,1753.00
10/22/18,1789.30,4481334,1784.00,1809.50,1756.00
10/23/18,1768.70,6705686,1742.24,1776.34,1714.00
10/24/18,1664.20,6845123,1773.70,1777.71,1656.56
10/25/18,1782.17,9941447,1703.34,1794.81,1692.01
10/26/18,1642.81,14941860,1649.59,1698.46,1603.00
10/29/18,1538.88,13791810,1660.00,1665.74,1495.00
10/30/18,1530.42,12395130,1486.16,1540.99,1476.36
10/31/18,1598.01,9372899,1569.99,1623.91,1565.09
11/1/18,1665.53,8054045,1623.53,1670.45,1598.44
11/2/18,1665.53,6932644,1678.59,1697.44,1651.83
11/5/18,1627.80,5615749,1657.57,1658.09,1596.36
11/6/18,1642.81,4206093,1618.35,1665.00,1614.55
11/7/18,1755.49,8166777,1673.00,1759.23,1664.08
11/8/18,1754.91,6520345,1755.00,1784.00,1725.11
11/9/18,1712.43,5892058,1732.50,1743.92,1701.87
11/12/18,1636.85,6763693,1698.24,1708.55,1630.01
11/13/18,1631.17,5901499,1649.29,1677.06,1613.75
11/14/18,1599.01,6439170,1656.32,1673.00,1597.07
11/15/18,1619.44,8379824,1581.01,1624.82,1546.51
11/16/18,1593.41,6057199,1587.50,1614.48,1573.12
11/19/18,1512.29,7741370,1577.01,1581.19,1503.36
11/20/18,1495.46,10824410,1437.50,1534.75,1420.00
11/21/18,1516.73,5707400,1542.99,1550.00,1515.00
11/23/18,1502.06,2707642,1517.00,1536.20,1501.81
11/26/18,1581.33,6226531,1539.00,1584.81,1524.22
11/27/18,1581.42,5758441,1575.99,1597.65,1558.01
11/28/18,1677.75,8429894,1613.92,1681.45,1601.22
11/29/18,1673.57,6600424,1674.99,1689.99,1652.33
11/30/18,1690.17,5744168,1679.50,1696.00,1666.50
12/3/18,1772.36,6840412,1769.46,1778.34,1730.00
12/4/18,1668.40,8653416,1756.00,1770.34,1665.00
12/6/18,1699.19,8701197,1614.87,1701.05,1609.85
12/7/18,1629.13,7508939,1705.07,1718.93,1625.46
12/10/18,1641.03,7467159,1623.84,1657.99,1590.87
12/11/18,1643.24,6217833,1678.00,1679.47,1619.60
12/12/18,1663.54,6581356,1669.00,1704.99,1660.27
12/13/18,1658.38,5249043,1680.00,1692.12,1641.50
12/14/18,1591.91,6347659,1638.00,1642.57,1585.00
12/17/18,1520.91,8729020,1566.00,1576.13,1505.01
12/18/18,1551.48,6468073,1540.00,1567.55,1523.01
12/19/18,1495.08,8624401,1543.05,1584.53,1483.18
12/20/18,1460.83,9912659,1484.00,1509.50,1432.69
12/21/18,1377.45,13556470,1464.99,1480.00,1363.96
12/24/18,1343.96,7219996,1346.00,1396.03,1307.00
12/26/18,1470.90,10332870,1368.89,1473.16,1363.01
12/27/18,1461.64,9631228,1454.20,1469.00,1390.31
12/28/18,1478.02,8822598,1473.35,1513.47,1449.00
12/31/18,1501.97,6941598,1510.80,1520.76,1487.00
1/2/19,1539.13,7871967,1465.20,1553.36,1460.93
1/3/19,1500.28,6934218,1520.01,1538.00,1497.11
1/4/19,1575.39,9161701,1530.00,1594.00,1518.31
1/7/19,1629.51,7971720,1602.31,1634.56,1589.19
1/8/19,1656.58,8830753,1664.69,1676.61,1616.61
1/9/19,1659.42,6333528,1652.98,1667.80,1641.40
1/10/19,1656.22,6487252,1641.01,1663.25,1621.62
1/11/19,1640.56,4670093,1640.55,1660.29,1636.22
1/14/19,1617.21,5989299,1615.00,1648.20,1595.15
1/15/19,1674.56,5964298,1632.00,1675.16,1626.01
1/16/19,1683.78,6343614,1684.22,1705.00,1675.88
1/17/19,1693.22,4179836,1680.00,1700.17,1677.50
1/18/19,1696.20,5973318,1712.00,1716.20,1691.54
1/22/19,1632.17,6402655,1681.00,1681.87,1610.20
1/23/19,1640.02,5192420,1656.00,1657.43,1612.00
1/24/19,1654.93,4077737,1641.07,1657.26,1631.78
1/25/19,1670.57,4933434,1670.50,1683.48,1661.61
1/28/19,1637.89,4807564,1643.59,1645.00,1614.09
1/29/19,1593.88,4591586,1631.27,1632.38,1590.72
1/30/19,1670.43,5717042,1623.00,1676.95,1619.68
1/31/19,1718.73,10304330,1692.85,1736.41,1679.08
2/1/19,1626.23,11484130,1638.88,1673.06,1622.01
2/4/19,1633.31,4911319,1623.00,1649.63,1613.50
2/5/19,1658.81,4443632,1643.34,1665.26,1642.50
2/6/19,1640.26,3930870,1670.75,1672.26,1633.34
2/7/19,1614.37,4605293,1625.00,1625.54,1592.91
2/8/19,1588.22,5649888,1586.00,1588.59,1566.76
2/11/19,1591.00,3301240,1600.98,1609.29,1586.00
2/12/19,1638.01,4830487,1604.00,1639.40,1598.88
2/13/19,1640.00,3545096,1647.00,1656.38,1637.11
2/14/19,1622.65,4106555,1624.50,1637.90,1606.06
2/15/19,1607.95,4333397,1627.86,1628.91,1604.50
2/19/19,1627.58,3671821,1601.00,1634.00,1600.56
2/20/19,1622.10,3314310,1630.00,1634.93,1610.12
2/21/19,1619.44,3460682,1619.85,1623.56,1600.91
2/22/19,1631.56,3090342,1623.50,1634.94,1621.17
2/25/19,1633.00,3169190,1641.45,1654.60,1630.39
2/26/19,1636.40,2657019,1625.98,1639.99,1616.13
2/27/19,1641.09,3141146,1628.18,1641.81,1615.10
2/28/19,1639.83,3016008,1635.25,1651.77,1633.83
3/1/19,1671.73,4661618,1655.13,1674.26,1651.00
3/4/19,1696.17,6154237,1685.00,1709.43,1674.36
3/5/19,1692.43,3667977,1702.95,1707.80,1689.01
3/6/19,1668.95,3984996,1695.97,1697.75,1668.28
3/7/19,1625.95,4945564,1667.37,1669.75,1620.51
3/8/19,1620.80,4659945,1604.01,1622.72,1586.57
3/11/19,1670.62,3797298,1626.12,1672.29,1626.01
3/12/19,1673.10,3562993,1669.00,1684.27,1660.98
3/13/19,1690.81,3540837,1683.00,1700.00,1679.35
3/14/19,1686.22,2937759,1691.20,1702.00,1684.34
3/15/19,1712.36,7538300,1703.00,1718.80,1693.13
3/18/19,1742.15,5403392,1712.70,1750.00,1712.63
3/19/19,1761.85,6339232,1753.51,1784.16,1753.51
3/20/19,1797.27,6153806,1769.94,1799.50,1767.03
3/21/19,1819.26,5740075,1796.26,1823.75,1787.28
3/22/19,1764.77,6347858,1810.17,1818.98,1763.11
3/25/19,1774.26,5098182,1757.79,1782.68,1747.50
3/26/19,1783.76,4848654,1793.00,1805.77,1773.36
3/27/19,1765.70,4316646,1784.13,1787.50,1745.68
3/28/19,1773.42,3030860,1770.00,1777.93,1753.47
3/29/19,1780.75,3316831,1786.58,1792.86,1776.63
4/1/19,1814.19,4173480,1800.11,1815.67,1798.73
4/2/19,1813.98,3435556,1811.02,1820.00,1805.12
4/3/19,1820.70,3923043,1826.72,1830.00,1809.62
4/4/19,1818.86,3614013,1820.65,1828.75,1804.20
4/5/19,1837.28,3628458,1829.00,1838.58,1825.19
4/8/19,1849.86,3745428,1833.23,1850.20,1825.11
4/9/19,1835.84,3703283,1845.49,1853.09,1831.78
4/10/19,1847.33,2951939,1841.00,1848.00,1828.81
4/11/19,1844.07,2623197,1848.70,1849.95,1840.31
4/12/19,1843.06,3090899,1848.40,1851.50,1841.30
4/15/19,1844.87,3710653,1842.00,1846.85,1818.90
4/16/19,1863.04,3036907,1851.35,1869.77,1848.00
4/17/19,1864.82,2838130,1872.99,1876.47,1860.44
4/18/19,1861.69,2745002,1868.79,1870.82,1859.48
4/22/19,1887.31,3361162,1855.40,1888.42,1845.64
4/23/19,1923.77,4632169,1891.20,1929.26,1889.58
4/24/19,1901.75,3618382,1925.00,1929.69,1898.16
4/25/19,1902.25,5625972,1917.00,1922.45,1900.31
4/26/19,1950.63,8396605,1929.00,1951.00,1898.00
4/29/19,1938.43,4000052,1949.00,1956.34,1934.09
4/30/19,1926.52,3492929,1930.10,1935.71,1906.95
5/1/19,1911.52,3116964,1933.09,1943.64,1910.55
5/2/19,1900.82,3962915,1913.33,1921.55,1881.87
5/3/19,1962.46,6381564,1949.00,1964.40,1936.00
5/6/19,1950.55,5417841,1917.98,1959.00,1910.50
5/7/19,1921.00,5902134,1939.99,1949.10,1903.38
5/8/19,1917.77,4078568,1918.87,1935.37,1910.00
5/9/19,1899.87,5308263,1900.00,1909.40,1876.00
5/10/19,1889.98,5717994,1898.00,1903.79,1856.00
5/13/19,1822.68,5783410,1836.56,1846.54,1818.00
5/14/19,1840.12,4629107,1839.50,1852.44,1815.75
5/15/19,1871.15,4692642,1827.95,1874.43,1823.00
5/16/19,1907.57,4707822,1885.94,1917.51,1882.29
5/17/19,1869.00,4736618,1893.05,1910.53,1867.33
5/20/19,1858.97,3798198,1852.69,1867.78,1835.54
5/21/19,1857.52,4005122,1874.79,1879.00,1846.00
5/22/19,1859.68,2936601,1851.78,1871.49,1851.00
5/23/19,1815.48,4424265,1836.59,1844.00,1804.20
5/24/19,1823.28,3369673,1835.89,1841.76,1817.85
5/28/19,1836.43,3199965,1832.75,1849.27,1827.35
5/29/19,1819.19,4279025,1823.12,1830.00,1807.53
5/30/19,1816.32,3146850,1825.49,1829.47,1807.83
5/31/19,1775.07,4618819,1790.01,1795.59,1772.70
6/3/19,1692.69,9098708,1760.01,1766.29,1672.00
6/4/19,1729.56,5679121,1699.24,1730.82,1680.89
6/5/19,1738.50,4239782,1749.60,1752.00,1715.25
6/6/19,1754.36,3689272,1737.71,1760.00,1726.13
6/7/19,1804.03,4808246,1763.70,1806.25,1759.49
6/10/19,1860.63,5371007,1822.00,1884.87,1818.00
6/11/19,1863.70,4042694,1883.25,1893.70,1858.00
6/12/19,1855.32,2678335,1853.98,1865.00,1844.38
6/13/19,1870.30,2795810,1866.72,1883.09,1862.22
6/14/19,1869.67,2851163,1864.00,1876.00,1859.00
6/17/19,1886.03,2634342,1876.50,1895.69,1875.45
6/18/19,1901.37,3895728,1901.35,1921.67,1899.79
6/19/19,1908.79,2895347,1907.84,1919.58,1892.47
6/20/19,1918.19,3217153,1933.33,1935.20,1905.80
6/21/19,1911.30,3933576,1916.10,1925.95,1907.58
6/24/19,1913.90,2282969,1912.66,1916.86,1901.30
6/25/19,1878.27,3012347,1911.84,1916.39,1872.42
6/26/19,1897.83,2441910,1892.48,1903.80,1887.32
6/27/19,1904.28,2141721,1902.00,1911.24,1898.04
6/28/19,1893.63,3037358,1909.10,1912.94,1884.00
7/1/19,1922.19,3203347,1922.98,1929.82,1914.66
7/2/19,1934.31,2651299,1919.38,1934.79,1906.63
7/3/19,1939.00,1690294,1935.89,1941.59,1930.50
7/5/19,1942.91,2628359,1928.60,1945.90,1925.30
7/8/19,1952.32,2883371,1934.12,1956.00,1928.25
7/9/19,1988.30,4345698,1947.80,1990.01,1943.48
7/10/19,2017.41,4931902,1996.51,2024.94,1995.40
7/11/19,2001.07,4317766,2025.62,2035.80,1995.30
7/12/19,2011.00,2509297,2008.27,2017.00,2003.87
7/15/19,2020.99,2981343,2021.40,2022.90,2001.55
7/16/19,2009.90,2618198,2010.58,2026.32,2001.22
7/17/19,1992.03,2558809,2007.05,2012.00,1992.03
7/18/19,1977.90,3504252,1980.01,1987.50,1951.55
7/19/19,1964.52,3185612,1991.21,1996.00,1962.23
7/22/19,1985.63,2908111,1971.14,1989.00,1958.26
7/23/19,1994.49,2703480,1995.99,1997.79,1973.13
7/24/19,2000.81,2631300,1969.30,2001.30,1965.87
7/25/19,1973.82,4136461,2001.00,2001.20,1972.72
7/26/19,1943.05,4927143,1942.00,1950.90,1924.51
7/29/19,1912.45,4493190,1930.00,1932.23,1890.54
7/30/19,1898.53,2910888,1891.12,1909.89,1883.48
7/31/19,1866.78,4470727,1898.11,1899.55,1849.44
8/1/19,1855.32,4713311,1871.72,1897.92,1844.01
8/2/19,1823.24,4956225,1845.07,1846.36,1808.02
8/5/19,1765.13,6058212,1770.22,1788.67,1748.78
8/6/19,1787.83,5070258,1792.23,1793.77,1753.40
8/7/19,1793.40,4526884,1773.99,1798.93,1757.00
8/8/19,1832.89,3701242,1806.00,1834.26,1798.11
8/9/19,1807.58,2879770,1828.95,1831.09,1802.22
8/12/19,1784.92,2905498,1795.99,1800.98,1777.00
8/13/19,1824.34,4075021,1783.00,1831.74,1780.00
8/14/19,1762.96,4893649,1793.01,1795.65,1757.22
8/15/19,1776.12,3809948,1781.99,1788.00,1761.96
8/16/19,1792.57,3054240,1792.89,1802.91,1784.55
8/19/19,1816.12,2820303,1818.08,1826.00,1812.61
8/20/19,1801.38,1932835,1814.50,1816.82,1799.88
8/21/19,1823.54,2039231,1819.39,1829.58,1815.00
8/22/19,1805.60,2658388,1828.00,1829.41,1800.10
8/23/19,1749.62,5277898,1793.03,1804.90,1745.23
8/26/19,1768.87,3085320,1766.91,1770.00,1743.51
8/27/19,1761.83,3027245,1775.73,1779.40,1746.68
8/28/19,1764.25,2421893,1755.00,1767.86,1744.05
8/29/19,1786.40,3018012,1783.00,1798.55,1777.25
8/30/19,1776.29,3064147,1797.49,1799.74,1764.57
9/3/19,1789.84,3546859,1770.00,1800.80,1768.00
9/4/19,1800.62,2326228,1805.00,1807.63,1796.23
9/5/19,1840.72,3325189,1821.95,1842.00,1815.58
9/6/19,1833.51,2496933,1838.22,1840.65,1826.40
9/9/19,1831.35,2999515,1841.00,1850.00,1824.61
9/10/19,1820.55,2613879,1822.75,1825.81,1805.34
9/11/19,1822.99,2432767,1812.14,1833.42,1809.08
9/12/19,1843.55,2823505,1837.63,1853.66,1834.28
9/13/19,1839.34,1971317,1842.01,1846.12,1835.17
9/16/19,1807.84,3675473,1824.02,1825.69,1800.20
9/17/19,1822.55,2033058,1807.08,1823.99,1804.10
9/18/19,1817.46,2536012,1817.04,1822.06,1795.50
9/19/19,1821.50,2078335,1821.02,1832.57,1817.90
9/20/19,1794.16,5555839,1821.71,1830.63,1780.92
9/23/19,1785.30,3139142,1777.00,1792.70,1767.32
9/24/19,1741.61,4637901,1790.61,1795.71,1735.55
9/25/19,1768.33,3531098,1747.36,1773.00,1723.00
9/26/19,1739.84,3571952,1762.79,1763.37,1731.50
9/27/19,1725.45,3948029,1748.00,1749.12,1713.82
9/30/19,1735.91,2760768,1726.99,1737.46,1709.22
10/1/19,1735.65,3170460,1746.00,1755.60,1728.41
10/2/19,1713.23,3338476,1727.74,1728.89,1705.00
10/3/19,1724.42,3624371,1713.00,1725.00,1685.06
10/4/19,1739.65,2489277,1726.02,1740.58,1719.23
10/7/19,1732.66,2187598,1731.63,1747.83,1723.70
10/8/19,1705.51,2626840,1722.49,1727.00,1705.00
10/9/19,1721.99,2089335,1719.61,1729.95,1714.36
10/10/19,1720.26,2721531,1725.24,1738.29,1713.75
10/11/19,1731.92,3279534,1742.92,1745.45,1729.86
10/14/19,1736.43,1928898,1728.91,1741.89,1722.00
10/15/19,1767.38,3129244,1742.14,1776.45,1740.62
10/16/19,1777.43,2804068,1773.33,1786.24,1770.52
10/17/19,1787.48,2713773,1796.49,1798.85,1782.02
10/18/19,1757.51,3366091,1787.80,1793.98,1749.20
10/21/19,1785.66,2224902,1769.66,1785.88,1765.00
10/22/19,1765.73,2234425,1788.15,1789.78,1762.00
10/23/19,1762.17,2190380,1761.30,1770.05,1742.00
10/24/19,1780.78,5204350,1771.09,1788.34,1760.27
10/25/19,1761.33,9626402,1697.55,1764.21,1695.00
10/28/19,1777.08,3708851,1748.06,1778.70,1742.50
10/29/19,1762.71,2276855,1774.81,1777.00,1755.81
10/30/19,1779.99,2449405,1760.24,1782.38,1759.12
10/31/19,1776.66,2781185,1775.99,1792.00,1771.48
11/1/19,1791.44,2790354,1788.01,1797.45,1785.21
11/4/19,1804.66,2771922,1801.01,1815.06,1801.01
11/5/19,1801.71,1885543,1809.16,1810.25,1794.00
11/6/19,1795.77,2029783,1801.00,1802.50,1788.58
11/7/19,1788.20,2651086,1803.76,1805.90,1783.48
11/8/19,1785.88,2126198,1787.89,1789.88,1774.04
11/11/19,1771.65,1947810,1778.00,1780.00,1767.13
11/12/19,1778.00,2038925,1774.66,1786.22,1771.91
11/13/19,1753.11,2926892,1773.39,1775.00,1747.32
11/14/19,1754.60,2269417,1751.43,1766.59,1749.56
11/15/19,1739.49,3931141,1760.05,1761.68,1732.86
11/18/19,1752.53,2841907,1738.30,1753.70,1722.71
11/19/19,1752.79,2274535,1756.99,1760.68,1743.03
11/20/19,1745.53,2793759,1749.14,1762.52,1734.12
11/21/19,1734.71,2662938,1743.00,1746.87,1730.36
11/22/19,1745.72,2479081,1739.02,1746.43,1731.00
11/25/19,1773.84,3489467,1753.25,1777.42,1753.24
11/26/19,1796.94,3190428,1779.92,1797.03,1778.35
11/27/19,1818.51,3035846,1801.00,1824.50,1797.31
11/29/19,1800.80,1923440,1817.78,1824.69,1800.79
12/2/19,1781.60,3931750,1804.40,1805.55,1762.68
12/3/19,1769.96,3529582,1760.00,1772.87,1747.23
12/4/19,1760.69,2680700,1774.01,1789.09,1760.22
12/5/19,1740.48,2827852,1763.50,1763.50,1740.00
12/6/19,1751.60,3119979,1751.20,1754.40,1740.13
12/9/19,1749.51,2502489,1750.66,1766.89,1745.61
12/10/19,1739.21,2515644,1747.40,1750.67,1735.00
12/11/19,1748.72,2101318,1741.67,1750.00,1735.71
12/12/19,1760.33,3103949,1750.00,1764.00,1745.44
12/13/19,1760.94,2747909,1765.00,1768.99,1755.00
12/16/19,1769.21,3149345,1767.00,1769.50,1757.05
12/17/19,1790.66,3646697,1778.01,1792.00,1777.39
12/18/19,1784.03,3354137,1795.02,1798.20,1782.36
12/19/19,1792.28,2738320,1780.50,1792.99,1774.06
12/20/19,1786.50,5152460,1799.62,1802.97,1782.45
12/23/19,1793.00,2137493,1788.26,1793.00,1784.51
12/24/19,1789.21,881337,1793.81,1795.57,1787.58
12/26/19,1868.77,6024608,1801.01,1870.46,1799.50
12/27/19,1869.80,6188754,1882.92,1901.40,1866.01
12/30/19,1846.89,3677306,1874.00,1884.00,1840.62
12/31/19,1847.84,2510380,1842.00,1853.26,1832.23
1/2/20,1898.01,4035910,1875.00,1898.01,1864.15
1/3/20,1874.97,3766604,1864.50,1886.20,1864.50
1/6/20,1902.88,4065698,1860.00,1903.69,1860.00
1/7/20,1906.86,4134010,1904.50,1913.89,1892.04
1/8/20,1891.97,3511966,1898.04,1911.00,1886.44
1/9/20,1901.05,3174962,1909.89,1917.82,1895.80
1/10/20,1883.16,2856959,1905.37,1906.94,1880.00
1/13/20,1891.30,2785844,1891.31,1898.00,1880.80
1/14/20,1869.44,3446381,1885.88,1887.11,1858.55
1/15/20,1862.02,2896592,1872.25,1878.86,1855.09
1/16/20,1877.94,2659493,1882.99,1885.59,1866.02
1/17/20,1864.72,3997340,1885.89,1886.64,1857.25
1/21/20,1892.00,3707785,1865.00,1894.27,1860.00
1/22/20,1887.46,3216257,1896.09,1902.50,1883.34
1/23/20,1884.58,2484613,1885.11,1889.98,1872.76
1/24/20,1861.64,3766181,1891.37,1894.99,1847.44
1/27/20,1828.34,3528509,1820.00,1841.00,1815.34
1/28/20,1853.25,2808040,1840.50,1858.11,1830.02
1/29/20,1858.00,2101390,1864.00,1874.75,1855.02
1/30/20,1870.68,6327438,1858.00,1872.87,1850.61
1/31/20,2008.72,15567280,2051.47,2055.72,2002.27
2/3/20,2004.20,5899094,2010.60,2048.50,2000.25
2/4/20,2049.67,5289338,2029.88,2059.80,2015.37
2/5/20,2039.87,4376174,2071.02,2071.02,2032.00
2/6/20,2050.23,3182954,2041.02,2056.30,2024.80
2/7/20,2079.28,5095347,2041.99,2098.53,2038.10
2/10/20,2133.91,5056235,2085.01,2135.60,2084.96
2/11/20,2150.80,5746011,2150.90,2185.95,2136.00
2/12/20,2160.00,3334264,2163.20,2180.25,2155.29
2/13/20,2149.87,3031791,2144.99,2170.28,2142.00
2/14/20,2134.87,2606169,2155.68,2159.04,2125.89
2/18/20,2155.67,2951070,2125.02,2166.07,2124.11
2/19/20,2170.22,2561165,2167.80,2185.10,2161.12
2/20/20,2153.10,3131342,2173.07,2176.79,2127.45
2/21/20,2095.97,4650740,2142.15,2144.55,2088.00
2/24/20,2009.29,6546997,2003.18,2039.30,1987.97
2/25/20,1972.74,6219094,2026.42,2034.60,1958.42
2/26/20,1979.59,5240402,1970.28,2014.67,1960.45
2/27/20,1884.30,8143993,1934.38,1975.00,1882.76
2/28/20,1883.75,9493797,1814.63,1889.76,1811.13
3/2/20,1953.95,6761651,1906.49,1954.51,1870.00
3/3/20,1908.99,7534491,1975.37,1996.33,1888.09
3/4/20,1975.83,4772919,1946.57,1978.00,1922.00
3/5/20,1924.03,4748210,1933.00,1960.72,1910.00
3/6/20,1901.09,5273580,1875.00,1910.87,1869.50
3/9/20,1800.61,7813232,1773.86,1862.77,1761.29
3/10/20,1891.82,7133310,1870.88,1894.27,1818.17
3/11/20,1820.86,5646831,1857.85,1871.32,1801.50
3/12/20,1676.61,11346210,1721.98,1765.00,1675.00
3/13/20,1785.00,8809725,1755.00,1786.31,1680.62
3/16/20,1689.15,8917265,1641.51,1759.45,1626.03
3/17/20,1807.84,10917130,1775.47,1857.78,1689.24
3/18/20,1830.00,9645218,1750.00,1841.66,1745.00
3/19/20,1880.93,10399940,1860.00,1945.00,1832.65
3/20/20,1846.09,9817850,1926.31,1957.00,1820.73
3/23/20,1902.83,7808489,1827.75,1919.40,1812.00
3/24/20,1940.10,7147080,1951.50,1955.00,1900.34
3/25/20,1885.84,6479073,1920.69,1950.26,1885.78
3/26/20,1955.49,6235118,1902.00,1956.49,1889.29
3/27/20,1900.10,5387897,1930.86,1939.79,1899.92
3/30/20,1963.95,6126087,1922.83,1973.63,1912.34
3/31/20,1949.72,5123626,1964.35,1993.02,1944.01
4/1/20,1907.70,4121875,1932.97,1944.96,1893.00
4/2/20,1918.83,4335985,1901.64,1927.53,1890.00
4/3/20,1906.59,3609870,1911.15,1926.33,1889.15
4/6/20,1997.59,5773181,1936.00,1998.52,1930.02
4/7/20,2011.60,5113983,2017.11,2035.72,1997.62
4/8/20,2043.00,3977313,2021.00,2044.00,2011.15
4/9/20,2042.76,4655617,2044.30,2053.00,2017.66
4/13/20,2168.87,6716709,2040.00,2180.00,2038.00
4/14/20,2283.32,8087193,2200.47,2292.00,2186.21
4/15/20,2307.68,6866567,2257.68,2333.37,2245.00
4/16/20,2408.19,12038200,2346.00,2461.00,2335.00
4/17/20,2375.00,7930010,2372.33,2400.00,2316.02
4/20/20,2393.61,5770694,2389.95,2444.98,2386.05
4/21/20,2328.12,7476679,2416.61,2428.31,2279.66
4/22/20,2363.49,4218295,2369.00,2394.00,2351.00
4/23/20,2399.45,5066552,2399.98,2424.22,2382.08
4/24/20,2410.22,3831797,2417.00,2420.43,2382.00
4/27/20,2376.00,5645645,2443.20,2444.88,2363.00
4/28/20,2314.08,5269446,2372.10,2373.50,2306.00
4/29/20,2372.71,4591593,2330.01,2391.89,2310.00
4/30/20,2474.00,9534611,2419.84,2475.00,2396.01
5/1/20,2286.04,9772605,2336.80,2362.44,2258.19
5/4/20,2315.99,4865926,2256.38,2326.98,2256.38
5/5/20,2317.80,3242496,2340.00,2351.00,2307.13
5/6/20,2351.26,3117814,2329.44,2357.45,2320.00
5/7/20,2367.61,3396411,2374.78,2376.00,2343.11
5/8/20,2379.61,3211228,2372.14,2387.24,2357.00
5/11/20,2409.00,3259231,2374.70,2419.67,2372.11
5/12/20,2356.95,3074916,2411.85,2419.00,2355.00
5/13/20,2367.92,4782919,2366.80,2407.70,2337.81
5/14/20,2388.85,3648128,2361.01,2391.37,2353.21
5/15/20,2409.78,4234951,2368.52,2411.00,2356.37
5/18/20,2426.26,4366572,2404.35,2433.00,2384.01
5/19/20,2449.33,4320498,2429.83,2485.00,2428.97
5/20/20,2497.94,3998143,2477.87,2500.01,2467.27
5/21/20,2446.74,5114403,2500.00,2525.45,2442.54
5/22/20,2436.88,2867079,2455.01,2469.85,2430.13
5/26/20,2421.86,3568153,2458.00,2462.00,2414.06
5/27/20,2410.39,5056945,2404.99,2413.58,2330.00
5/28/20,2401.10,3193136,2384.33,2436.97,2378.23
5/29/20,2442.37,3529329,2415.94,2442.37,2398.20
6/1/20,2471.04,2938032,2448.00,2476.93,2444.17
6/2/20,2472.41,2529903,2467.00,2473.53,2445.31
6/3/20,2478.40,2671024,2468.01,2488.00,2461.17
6/4/20,2460.60,2948710,2477.43,2507.54,2450.01
6/5/20,2483.00,3306445,2444.51,2488.65,2437.13
6/8/20,2524.06,3970654,2500.20,2530.00,2487.34
6/9/20,2600.86,5175950,2529.44,2626.43,2525.00
6/10/20,2647.45,4946031,2645.00,2722.35,2626.26
6/11/20,2557.96,5800107,2603.50,2671.38,2536.23
6/12/20,2545.02,5436127,2601.21,2621.48,2503.35
6/15/20,2572.68,3873335,2526.60,2584.00,2508.00
6/16/20,2615.27,3595649,2620.00,2620.00,2576.00
6/17/20,2640.98,2959316,2647.50,2655.00,2631.82
6/18/20,2653.98,2487774,2647.01,2659.64,2636.11
6/19/20,2675.01,5776963,2678.08,2697.43,2659.00
6/22/20,2713.82,3208780,2684.50,2715.00,2669.00
6/23/20,2764.41,4231707,2726.02,2783.11,2718.04
6/24/20,2734.40,4526605,2780.00,2796.00,2721.00
6/25/20,2754.58,2968657,2739.55,2756.23,2712.14
6/26/20,2692.87,6500784,2775.06,2782.57,2688.00
6/29/20,2680.38,4223422,2690.01,2696.80,2630.08
6/30/20,2758.82,3769686,2685.07,2769.63,2675.03
7/1/20,2878.70,6363439,2757.99,2895.00,2754.00
7/2/20,2890.30,6593387,2912.01,2955.56,2871.10
7/6/20,3057.04,6880642,2934.97,3059.88,2930.00
7/7/20,3000.12,5257514,3058.55,3069.55,2990.00
7/8/20,3081.11,5037635,3022.61,3083.97,3012.43
7/9/20,3182.63,6388659,3115.99,3193.88,3074.00
7/10/20,3200.00,5485982,3191.76,3215.00,3135.70
7/13/20,3104.00,7720420,3251.06,3344.29,3068.39
7/14/20,3084.00,7231933,3089.00,3127.38,2950.00
7/15/20,3008.87,5788874,3080.23,3098.35,2973.18
7/16/20,2999.90,6394246,2971.06,3032.00,2918.23
7/17/20,2961.97,4761319,3009.00,3024.00,2948.45
7/20/20,3196.84,7598176,3000.20,3201.36,2994.02
7/21/20,3138.29,6134965,3232.49,3240.58,3105.72
7/22/20,3099.91,4104225,3125.00,3150.00,3065.26
7/23/20,2986.55,5656906,3098.27,3098.27,2970.00
7/24/20,3008.91,5632413,2930.00,3031.58,2888.00
7/27/20,3055.21,4170492,3062.00,3098.00,3015.77
7/28/20,3000.33,3126651,3054.27,3077.09,2995.76
7/29/20,3033.53,2974060,3030.99,3039.16,2996.77
7/30/20,3051.88,6128265,3014.00,3092.00,3005.00
7/31/20,3164.68,8083369,3244.00,3246.82,3151.00
8/3/20,3111.89,5074663,3180.51,3184.00,3104.00
8/4/20,3138.83,4694294,3101.21,3167.24,3101.21
8/5/20,3205.03,3930025,3143.77,3213.59,3127.30
8/6/20,3225.00,3940602,3194.36,3247.47,3165.43
8/7/20,3167.46,3936127,3224.01,3240.81,3140.67
8/10/20,3148.16,3167274,3170.31,3172.51,3101.52
8/11/20,3080.67,3718057,3113.20,3159.22,3073.00
8/12/20,3162.24,3527229,3108.00,3174.39,3101.42
8/13/20,3161.02,3149043,3182.99,3217.52,3155.00
8/14/20,3148.02,2751723,3178.18,3178.24,3120.00
8/17/20,3182.41,2691237,3173.12,3194.97,3154.18
8/18/20,3312.49,5345974,3212.00,3320.00,3205.82
8/19/20,3260.48,4185137,3303.01,3315.90,3256.00
8/20/20,3297.37,3332478,3252.00,3312.62,3238.00
8/21/20,3284.72,3575862,3295.00,3314.40,3275.39
8/24/20,3307.46,4666258,3310.15,3380.32,3257.56
8/25/20,3346.49,3992842,3294.99,3357.40,3267.00
8/26/20,3441.85,6508743,3351.11,3451.74,3344.57
8/27/20,3400.00,4264795,3450.05,3453.00,3378.00
8/28/20,3401.80,2896978,3423.00,3433.37,3386.50
8/31/20,3450.96,4185885,3408.99,3495.00,3405.00
9/1/20,3499.12,3476407,3489.58,3513.87,3467.00
9/2/20,3531.45,3931476,3547.00,3552.25,3486.69
9/3/20,3368.00,8161113,3485.00,3488.41,3303.00
9/4/20,3294.62,8753441,3318.00,3381.50,3111.13