Date,Open,High,Low,Close,Adj Close,Volume
9/8/15,20.51,20.610001,19.85,20.139999,20.139999,2562500
9/9/15,20.35,20.530001,20.040001,20.110001,20.110001,2172500
9/10/15,20.049999,20.309999,19.5,19.66,19.66,1929300
9/11/15,19.530001,19.610001,19,19.32,19.32,2271000
9/14/15,19.43,19.59,19.07,19.190001,19.190001,2331100
9/15/15,19.209999,19.299999,18.889999,18.950001,18.950001,2079900
9/16/15,18.940001,19.57,18.85,19.540001,19.540001,1917300
9/17/15,19.66,19.780001,19.07,19.110001,19.110001,2185300
9/18/15,18.809999,19.25,18.66,18.77,18.77,3298700
9/21/15,18.99,19.25,18.84,18.889999,18.889999,1475900
9/22/15,18.73,18.93,18.48,18.610001,18.610001,1306300
9/23/15,18.68,18.98,18.379999,18.52,18.52,1443900
9/24/15,18.41,18.49,18.219999,18.389999,18.389999,1368800
9/25/15,18.57,18.58,17.9,18.09,18.09,1261600
9/28/15,17.969999,18.08,17.43,17.52,17.52,1942300
9/29/15,17.549999,18.059999,17.4,17.870001,17.870001,1821100
9/30/15,17.959999,18.059999,17.58,17.870001,17.870001,1799900
10/1/15,17.860001,17.99,17.6,17.629999,17.629999,1446600
10/2/15,17.48,17.91,17.190001,17.799999,17.799999,1791100
10/5/15,17.940001,18.309999,17.870001,18.23,18.23,1406400
10/6/15,18.190001,18.25,17.93,18.139999,18.139999,1298400
10/7/15,18.200001,18.57,18.049999,18.469999,18.469999,1605200
10/8/15,18.559999,18.9,18.309999,18.790001,18.790001,1447100
10/9/15,18.709999,18.84,18.35,18.360001,18.360001,1966000
10/12/15,18.440001,18.709999,18.33,18.639999,18.639999,988600
10/13/15,18.57,18.82,18.43,18.51,18.51,1294600
10/14/15,18.52,18.690001,18.129999,18.17,18.17,1378300
10/15/15,18.24,18.83,18.23,18.799999,18.799999,1880200
10/16/15,18.73,18.85,18.290001,18.66,18.66,1327900
10/19/15,18.620001,19.120001,18.620001,18.98,18.98,1048400
10/20/15,18.91,19.34,18.799999,19.059999,19.059999,1539100
10/21/15,19.1,19.32,18.940001,18.959999,18.959999,1918000
10/22/15,19.040001,19.309999,18.780001,19.09,19.09,1533700
10/23/15,19.32,19.34,17.870001,18.59,18.59,2539700
10/26/15,18.559999,19.18,18.34,19.15,19.15,1404800
10/27/15,19.07,19.209999,18.459999,18.75,18.75,2294300
10/28/15,18.84,19.76,18.84,19.58,19.58,2103000
10/29/15,19.43,19.6,19,19.32,19.32,1615500
10/30/15,19.280001,19.65,19.1,19.299999,19.299999,1403600
11/2/15,19.34,19.540001,19.040001,19.450001,19.450001,1808100
11/3/15,19.719999,19.91,19.549999,19.6,19.6,1668800
11/4/15,19.610001,19.700001,19.370001,19.41,19.41,1060900
11/5/15,19.52,19.67,19.360001,19.52,19.52,1204000
11/6/15,19.370001,19.620001,18.73,19,19,2475800
11/9/15,19,19.09,18.68,18.799999,18.799999,1607300
11/10/15,18.65,19.389999,18.610001,18.879999,18.879999,1810800
11/11/15,18.85,18.940001,18,18.040001,18.040001,1542500
11/12/15,17.99,18.35,17.959999,17.99,17.99,1683900
11/13/15,17.58,17.700001,17.07,17.1,17.1,2562300
11/16/15,17.01,17.209999,16.610001,17.17,17.17,1815600
11/17/15,17.120001,17.48,16.690001,16.889999,16.889999,2029700
11/18/15,16.9,17.459999,16.67,17.41,17.41,1631800
11/19/15,17.309999,17.459999,16.959999,16.99,16.99,1819500
11/20/15,16.99,17.870001,16.719999,17.23,17.23,3909500
11/23/15,17.4,17.879999,17.23,17.700001,17.700001,1741000
11/24/15,17.540001,17.85,17.24,17.83,17.83,1712900
11/25/15,17.98,18.18,17.67,18.139999,18.139999,1666000
11/27/15,18.120001,18.17,17.629999,17.709999,17.709999,631900
11/30/15,17.790001,17.879999,16.620001,16.74,16.74,3001300
12/1/15,16.85,17.120001,16.76,16.969999,16.969999,2308400
12/2/15,17.09,17.43,16.950001,17.389999,17.389999,4630500
12/3/15,18.33,18.34,15.72,16.33,16.33,9616000
12/4/15,16.42,17.33,16.24,17.07,17.07,5965300
12/7/15,17.02,17.26,16.719999,17.15,17.15,2558300
12/8/15,16.99,17.200001,16.76,17.08,17.08,1884100
12/9/15,17,17.57,16.91,17.120001,17.120001,2455800
12/10/15,17.459999,17.76,17.25,17.459999,17.459999,2027700
12/11/15,17.190001,17.379999,17,17.129999,17.129999,1673100
12/14/15,17.16,17.459999,17.049999,17.219999,17.219999,1612700
12/15/15,17.309999,17.67,17.25,17.370001,17.370001,1535800
12/16/15,17.57,17.870001,17.440001,17.77,17.77,1309800
12/17/15,17.77,17.93,17.32,17.32,17.32,1306300
12/18/15,17.16,17.48,17.1,17.4,17.4,2038900
12/21/15,17.530001,17.6,17.17,17.33,17.33,1238800
12/22/15,17.389999,17.85,17.209999,17.77,17.77,1271000
12/23/15,17.9,17.940001,17.6,17.67,17.67,894600
12/24/15,17.719999,17.85,17.299999,17.4,17.4,449100
12/28/15,17.360001,17.51,17.110001,17.450001,17.450001,1129400
12/29/15,17.58,17.969999,17.57,17.76,17.76,1154900
12/30/15,17.709999,17.85,17.32,17.42,17.42,1331200
12/31/15,17.41,17.530001,17.190001,17.280001,17.280001,1065900
1/4/16,16.959999,17.92,16.68,17.799999,17.799999,2893300
1/5/16,17.959999,18.459999,17.76,18.299999,18.299999,3186400
1/6/16,17.99,18.15,17.700001,17.98,17.98,2586000
1/7/16,17.700001,18.450001,17.48,17.49,17.49,2662000
1/8/16,17.450001,17.629999,16.09,16.120001,16.120001,3633600
1/11/16,16.219999,16.940001,16.02,16.530001,16.530001,3294100
1/12/16,16.92,16.93,15.61,15.98,15.98,4004100
1/13/16,15.98,16.280001,15.79,15.97,15.97,2455600
1/14/16,15.93,16.65,15.82,16.360001,16.360001,2688500
1/15/16,15.76,16.6,15.76,16.459999,16.459999,1954000
1/19/16,16.58,16.67,16.059999,16.32,16.32,1226200
1/20/16,16.15,16.82,15.94,16.629999,16.629999,1726200
1/21/16,16.67,17.07,16.33,16.469999,16.469999,1812900
1/22/16,16.68,16.940001,16.540001,16.879999,16.879999,1700900
1/25/16,16.860001,17.040001,16.42,16.5,16.5,1306000
1/26/16,16.549999,17.290001,16.459999,16.969999,16.969999,1743100
1/27/16,16.889999,17.02,16.59,16.77,16.77,1412400
1/28/16,16.9,17.02,16.67,16.860001,16.860001,1525800
1/29/16,17,17.32,16.83,16.959999,16.959999,2246300
2/1/16,16.799999,16.860001,16.58,16.790001,16.790001,2712300
2/2/16,16.780001,17.059999,16.629999,16.92,16.92,2923100
2/3/16,17,17.08,16.58,16.93,16.93,2074500
2/4/16,16.73,16.99,16.530001,16.58,16.58,1446000
2/5/16,16.49,16.530001,15.77,15.8,15.8,2247800
2/8/16,15.64,16.33,15.53,16.27,16.27,2278300
2/9/16,16.120001,16.530001,16.09,16.27,16.27,1667600
2/10/16,16.33,16.459999,15.86,15.87,15.87,1448400
2/11/16,15.7,16.139999,15.66,15.89,15.89,951700
2/12/16,16.01,16.360001,15.93,16.17,16.17,1019100
2/16/16,16.389999,16.73,16.25,16.549999,16.549999,1825400
2/17/16,16.690001,17.15,16.690001,16.940001,16.940001,1505800
2/18/16,16.91,16.940001,16.66,16.860001,16.860001,1336800
2/19/16,16.74,17.27,16.549999,16.889999,16.889999,1848100
2/22/16,17.129999,17.17,16.74,16.969999,16.969999,1988700
2/23/16,17,17.49,16.950001,17,17,2987100
2/24/16,16.93,17.08,16.74,16.940001,16.940001,1400200
2/25/16,16.98,17.290001,16.809999,17.280001,17.280001,981600
2/26/16,17.299999,17.299999,16.940001,17.16,17.16,1099000
2/29/16,17.190001,17.58,17.139999,17.23,17.23,1863500
3/1/16,17.309999,17.389999,17.08,17.309999,17.309999,1951800
3/2/16,17.34,17.620001,17.15,17.51,17.51,2269700
3/3/16,17.52,17.85,17.110001,17.809999,17.809999,1791100
3/4/16,17.809999,18.639999,17.73,18.5,18.5,2603500
3/7/16,18.57,19.02,18.389999,18.6,18.6,2409400
3/8/16,18.950001,19.48,18.809999,19.040001,19.040001,4556500
3/9/16,20.26,20.440001,19.33,19.66,19.66,8933100
3/10/16,19.690001,20.469999,19.690001,20.450001,20.450001,6254500
3/11/16,20.57,21.040001,20.299999,20.85,20.85,4299000
3/14/16,20.85,21.370001,20.700001,20.959999,20.959999,3319500
3/15/16,20.969999,21.08,20.549999,20.709999,20.709999,2233600
3/16/16,20.629999,20.92,20.42,20.68,20.68,2885500
3/17/16,20.709999,21.18,20.459999,21.09,21.09,2179100
3/18/16,21.24,21.41,21.049999,21.110001,21.110001,2043400
3/21/16,21.049999,21.280001,20.959999,21.16,21.16,2071000
3/22/16,21.059999,21.209999,20.75,21.01,21.01,1838200
3/23/16,21,21.08,20.690001,20.790001,20.790001,2566900
3/24/16,20.790001,20.870001,20.58,20.68,20.68,1537700
3/28/16,20.68,20.940001,20.65,20.77,20.77,1080700
3/29/16,20.799999,21.26,20.77,21.139999,21.139999,1880300
3/30/16,21.200001,21.5,20.969999,21.15,21.15,1439500
3/31/16,21.129999,21.57,21.07,21.41,21.41,1946300
4/1/16,21.290001,21.57,21.190001,21.389999,21.389999,2276400
4/4/16,21.379999,21.52,20.879999,20.969999,20.969999,1998700
4/5/16,20.809999,21.040001,20.68,20.68,20.68,1289400
4/6/16,20.709999,20.82,20.389999,20.65,20.65,1379800
4/7/16,20.57,20.84,19.889999,20.16,20.16,3951800
4/8/16,20.09,20.1,19.4,19.84,19.84,2802300
4/11/16,20.02,20.17,19.65,19.809999,19.809999,2249400
4/12/16,19.84,19.860001,18.799999,19.59,19.59,2844500
4/13/16,19.75,20.18,19.610001,20.129999,20.129999,1318800
4/14/16,20.110001,20.129999,19.43,19.5,19.5,1760700
4/15/16,19.440001,19.68,19.190001,19.540001,19.540001,2103200
4/18/16,19.389999,20.23,19.309999,20.01,20.01,2097800
4/19/16,20,20.32,19.68,19.719999,19.719999,2135700
4/20/16,19.700001,19.879999,19.26,19.5,19.5,2180300
4/21/16,19.5,19.540001,18.93,19,19,2193000
4/22/16,19.059999,19.440001,18.940001,19.309999,19.309999,2727000
4/25/16,19.129999,19.200001,18.08,18.309999,18.309999,3928700
4/26/16,18.35,18.860001,18.23,18.629999,18.629999,2072500
4/27/16,18.9,19.15,18.360001,18.82,18.82,2264600
4/28/16,18.6,18.83,18.209999,18.24,18.24,1538400
4/29/16,18.200001,18.33,17.969999,18.18,18.18,3225700
5/2/16,18.25,18.26,17.629999,18.01,18.01,2107300
5/3/16,17.93,18.049999,17.65,17.809999,17.809999,2344800
5/4/16,17.700001,17.98,17.389999,17.77,17.77,1905300
5/5/16,17.66,17.66,17.209999,17.379999,17.379999,2475200
5/6/16,17.32,17.68,17.17,17.57,17.57,1707900
5/9/16,17.59,18.030001,17.57,17.75,17.75,1562700
5/10/16,17.35,17.469999,16.9,17.450001,17.450001,2472200
5/11/16,17.110001,17.129999,16.610001,16.629999,16.629999,2203300
5/12/16,16.6,16.83,16.42,16.67,16.67,1179800
5/13/16,16.51,16.879999,16.219999,16.23,16.23,1685000
5/16/16,16.200001,16.540001,16.059999,16.469999,16.469999,1468800
5/17/16,16.24,16.280001,15.55,15.96,15.96,3243800
5/18/16,15.7,15.81,15.43,15.57,15.57,2688700
5/19/16,15.78,16.379999,15.78,16.17,16.17,4245200
5/20/16,16.120001,16.219999,15.9,16.139999,16.139999,2685700
5/23/16,16.16,16.620001,16.15,16.290001,16.290001,2588400
5/24/16,16.129999,16.34,15.88,16.030001,16.030001,5035200
5/25/16,13.29,14.72,13.25,14.68,14.68,19836300
5/26/16,14.27,14.51,14.02,14.4,14.4,5875600
5/27/16,14.4,14.73,14.34,14.48,14.48,3722400
5/31/16,14.48,14.73,14.41,14.54,14.54,3897100
6/1/16,14.54,14.83,14.36,14.67,14.67,2677700
6/2/16,14.67,14.91,14.54,14.69,14.69,2842500
6/3/16,14.76,14.88,14.64,14.77,14.77,2314400
6/6/16,14.8,14.8,14.63,14.72,14.72,1333100
6/7/16,14.66,15.06,14.65,14.87,14.87,1480500
6/8/16,15.2,15.2,14.73,15.04,15.04,1463900
6/9/16,15.03,15.13,14.65,14.68,14.68,1810200
6/10/16,14.48,14.53,14.22,14.43,14.43,1762700
6/13/16,14.48,14.48,14.27,14.28,14.28,1506000
6/14/16,14.31,14.31,14.01,14.08,14.08,1947900
6/15/16,14.2,14.64,14.16,14.38,14.38,1984800
6/16/16,14.36,14.38,14.17,14.23,14.23,1065900
6/17/16,14.3,14.51,14.24,14.31,14.31,2199900
6/20/16,14.47,14.71,14.43,14.52,14.52,1369400
6/21/16,14.57,14.61,14.29,14.42,14.42,1303700
6/22/16,14.45,14.73,14.45,14.58,14.58,1839200
6/23/16,14.73,14.78,14.48,14.5,14.5,1503000
6/24/16,13.98,14.36,13.98,14.26,14.26,4495500
6/27/16,14.18,14.26,13.78,14.18,14.18,1841300
6/28/16,14.32,14.51,14.11,14.17,14.17,1338100
6/29/16,14.28,14.49,14.25,14.31,14.31,1114200
6/30/16,14.25,14.58,14.24,14.51,14.51,1368400
7/1/16,14.57,14.79,14.43,14.59,14.59,1172400
7/5/16,14.53,14.53,13.93,14.11,14.11,1821200
7/6/16,14.08,14.28,13.96,14.25,14.25,1423800
7/7/16,14.21,14.43,13.92,14.02,14.02,1922600
7/8/16,14.2,14.64,14.2,14.38,14.38,2573600
7/11/16,14.38,14.6,14.38,14.47,14.47,1573600
7/12/16,14.52,14.74,14.49,14.58,14.58,1457700
7/13/16,14.63,14.67,14.3,14.32,14.32,891900
7/14/16,14.4,14.52,14.33,14.45,14.45,1183100
7/15/16,14.53,14.62,14.35,14.36,14.36,933300
7/18/16,14.45,14.6,14.39,14.48,14.48,1002900
7/19/16,14.49,14.62,14.42,14.44,14.44,969800
7/20/16,14.42,14.67,14.42,14.62,14.62,855700
7/21/16,14.61,14.67,14.29,14.36,14.36,1897600
7/22/16,14.32,14.42,14.04,14.24,14.24,1224000
7/25/16,14.28,14.61,14.21,14.59,14.59,1470500
7/26/16,14.62,15,14.55,14.97,14.97,1931700
7/27/16,15.02,15.16,14.93,15.04,15.04,1779700
7/28/16,15.04,15.09,14.74,14.92,14.92,932500
7/29/16,14.89,15,14.74,14.96,14.96,1125700
8/1/16,14.98,15,14.7,14.92,14.92,924100
8/2/16,14.92,14.99,14.29,14.34,14.34,1445000
8/3/16,14.16,14.44,13.79,14.36,14.36,1626400
8/4/16,14.39,14.62,14.29,14.48,14.48,1348100
8/5/16,14.53,15.06,14.5,14.93,14.93,1205700
8/8/16,14.95,15.41,14.88,15.33,15.33,1839200
8/9/16,15.09,15.22,14.52,14.58,14.58,2098300
8/10/16,14.69,14.89,14.41,14.44,14.44,1303500
8/11/16,14.74,15.2,14.52,15.1,15.1,2093400
8/12/16,15.1,15.19,14.84,14.96,14.96,1219300
8/15/16,15.04,15.36,14.9,15.28,15.28,2800400
8/16/16,15.29,15.52,15.2,15.37,15.37,1877300
8/17/16,15.48,15.96,15.37,15.76,15.76,3238300
8/18/16,15.83,16.129999,15.7,16.110001,16.110001,2069700
8/19/16,16.049999,16.34,15.98,16.209999,16.209999,2403100
8/22/16,16.360001,16.379999,15.59,15.75,15.75,3837300
8/23/16,15.75,16.07,15.5,16.030001,16.030001,5571100
8/24/16,12.73,12.74,11.89,11.94,11.94,25682400
8/25/16,11.8,12.12,11.69,11.73,11.73,6677500
8/26/16,11.78,11.88,11.44,11.44,11.44,3404300
8/29/16,11.49,12.05,11.47,12.01,12.01,4318600
8/30/16,11.99,12.05,11.87,11.9,11.9,2086800
8/31/16,11.9,12,11.69,11.83,11.83,2705000
9/1/16,11.84,11.91,11.68,11.75,11.75,2627200
9/2/16,11.74,11.86,11.62,11.69,11.69,2171900
9/6/16,11.61,11.77,11.53,11.69,11.69,1718500
9/7/16,11.84,12.12,11.66,12,12,2554700
9/8/16,11.94,12.17,11.9,12.14,12.14,2470500
9/9/16,12.08,12.08,11.81,11.82,11.82,1824000
9/12/16,11.75,12.01,11.7,12,12,1601400
9/13/16,11.85,11.98,11.69,11.86,11.86,2209300
9/14/16,11.88,11.97,11.77,11.84,11.84,1870200
9/15/16,11.81,11.98,11.7,11.96,11.96,1705300
9/16/16,11.95,12.29,11.86,12.26,12.26,4678000
9/19/16,12.24,12.37,11.93,11.96,11.96,2261900
9/20/16,11.9,11.96,11.46,11.49,11.49,2668100
9/21/16,11.57,11.57,11.28,11.41,11.41,3027500
9/22/16,11.53,11.81,11.47,11.79,11.79,2344100
9/23/16,11.83,12.16,11.81,12.06,12.06,2510100
9/26/16,12.05,12.06,11.7,11.77,11.77,2127300
9/27/16,11.82,11.85,11.59,11.67,11.67,1238500
9/28/16,11.63,11.78,11.52,11.71,11.71,1291300
9/29/16,11.74,11.86,11.63,11.65,11.65,1067200
9/30/16,11.73,11.88,11.68,11.79,11.79,1613000
10/3/16,11.84,11.93,11.79,11.91,11.91,1676400
10/4/16,11.95,12.03,11.82,11.92,11.92,1600800
10/5/16,11.98,12.32,11.91,12.29,12.29,1903300
10/6/16,12.36,12.68,12.18,12.61,12.61,3260000
10/7/16,12.68,13.08,12.63,13.01,13.01,4592200
10/10/16,13.02,13.03,12.74,12.75,12.75,2171800
10/11/16,12.68,12.76,12.51,12.55,12.55,1577300
10/12/16,12.6,12.74,12.53,12.61,12.61,869800
10/13/16,12.54,12.54,12.28,12.33,12.33,955200
10/14/16,12.35,12.36,12.08,12.18,12.18,1182600
10/17/16,12.19,12.23,12.01,12.01,12.01,1038700
10/18/16,12.06,12.1,11.62,11.71,11.71,2162500
10/19/16,11.8,11.93,11.66,11.86,11.86,1274800
10/20/16,11.87,11.87,11.56,11.65,11.65,2688900
10/21/16,11.53,11.9,11.52,11.82,11.82,2757700
10/24/16,11.88,12.17,11.88,12.11,12.11,1490000
10/25/16,11.95,12.23,11.86,12.21,12.21,1446000
10/26/16,12.19,12.36,12.13,12.25,12.25,1062600
10/27/16,12.23,12.27,11.86,11.86,11.86,864300
10/28/16,11.86,12.12,11.82,11.97,11.97,1652300
10/31/16,12.02,12.08,11.88,12.02,12.02,1269000
11/1/16,11.96,11.98,11.71,11.84,11.84,1429000
11/2/16,11.85,12.04,11.76,11.95,11.95,1389400
11/3/16,11.97,12,11.67,11.75,11.75,1142500
11/4/16,11.8,12.3,11.76,12.17,12.17,2969000
11/7/16,12.34,12.51,12.28,12.41,12.41,1619600
11/8/16,12.44,12.7,12.38,12.56,12.56,1357300
11/9/16,12.33,12.92,12.05,12.75,12.75,2421600
11/10/16,12.93,13.49,12.93,13.24,13.24,4834900
11/11/16,13.17,13.5,13.06,13.35,13.35,3355500
11/14/16,13.45,14.19,13.4,13.88,13.88,3413500
11/15/16,13.79,14.02,13.55,14.01,14.01,1721700
11/16/16,14,14.15,13.87,14.09,14.09,1238200
11/17/16,14.09,14.23,13.89,14.19,14.19,1426700
11/18/16,14.01,14.05,13.61,13.64,13.64,2748300
11/21/16,13.75,14.03,13.7,13.87,13.87,1958500
11/22/16,13.98,14.39,13.92,13.94,13.94,3551800
11/23/16,13.76,14,13.48,13.8,13.8,2735900
11/25/16,13.93,13.99,13.65,13.74,13.74,1169400
11/28/16,13.82,14.02,13.52,13.86,13.86,3178600
11/29/16,13.86,13.91,13.46,13.48,13.48,2710500
11/30/16,13.38,13.72,12.97,13.36,13.36,4631900
12/1/16,11.04,11.73,10.37,10.64,10.64,14971600
12/2/16,10.54,10.95,10.4,10.79,10.79,5174400
12/5/16,10.8,11.28,10.71,11.17,11.17,3584100
12/6/16,11.29,11.49,11.12,11.49,11.49,2443600
12/7/16,11.53,11.8,11.44,11.72,11.72,2515700
12/8/16,11.89,12.24,11.77,12.18,12.18,2471300
12/9/16,12.16,12.4,12.09,12.31,12.31,1706300
12/12/16,12.31,12.31,11.99,12.06,12.06,3370400
12/13/16,12.12,12.21,11.95,12.13,12.13,2298300
12/14/16,12.16,12.17,11.86,11.92,11.92,1826900
12/15/16,11.94,12,11.6,11.67,11.67,1272100
12/16/16,11.71,11.82,11.38,11.45,11.45,2515800
12/19/16,11.54,11.78,11.5,11.59,11.59,1397600
12/20/16,11.69,11.91,11.62,11.73,11.73,1131000
12/21/16,11.51,11.67,11.49,11.57,11.57,971500
12/22/16,11.54,11.54,10.97,11.02,11.02,1881700
12/23/16,11.01,11.17,10.82,10.87,10.87,858000
12/27/16,10.91,11.05,10.84,11.01,11.01,881700
12/28/16,11.06,11.1,10.81,10.93,10.93,964900
12/29/16,10.92,11.07,10.57,10.8,10.8,2577100
12/30/16,10.87,10.91,10.68,10.76,10.76,793000
1/3/17,10.9,11.01,10.56,10.58,10.58,2523000
1/4/17,10.7,10.99,10.68,10.8,10.8,1876400
1/5/17,10.53,10.54,10.07,10.22,10.22,3993100
1/6/17,10.39,10.39,10.03,10.05,10.05,2889800
1/9/17,10.04,10.36,10.04,10.31,10.31,3067900
1/10/17,10.32,10.94,10.29,10.8,10.8,2873600
1/11/17,10.78,10.91,10.59,10.9,10.9,1961700
1/12/17,10.83,10.85,10.65,10.76,10.76,1375100
1/13/17,10.76,10.94,10.71,10.74,10.74,910600
1/17/17,10.73,11.25,10.72,11,11,2027800
1/18/17,10.95,10.99,10.73,10.97,10.97,1159200
1/19/17,10.94,11.02,10.65,10.69,10.69,1438700
1/20/17,10.7,10.86,10.51,10.65,10.65,1046600
1/23/17,10.64,10.67,10.45,10.52,10.52,1539000
1/24/17,10.59,10.68,10.38,10.63,10.63,2513200
1/25/17,10.77,11,10.76,10.89,10.89,1435800
1/26/17,10.9,11.01,10.46,10.51,10.51,1320400
1/27/17,10.46,10.51,10.12,10.14,10.14,1408800
1/30/17,10.09,10.27,9.95,10.15,10.15,1830600
1/31/17,10.05,10.67,9.91,10.63,10.63,1635400
2/1/17,10.64,10.7,10.37,10.46,10.46,1877800
2/2/17,10.46,10.73,10.32,10.52,10.52,1602200
2/3/17,10.53,10.77,10.48,10.58,10.58,857400
2/6/17,10.62,10.76,10.5,10.59,10.59,1083200
2/7/17,10.59,10.62,10.36,10.39,10.39,1005900
2/8/17,10.36,10.77,10.28,10.74,10.74,1337700
2/9/17,10.74,11.22,10.6,11.1,11.1,1415800
2/10/17,11.2,11.51,11.11,11.45,11.45,1440900
2/13/17,11.51,11.53,11.12,11.2,11.2,961200
2/14/17,11.19,11.69,11.13,11.64,11.64,1389500
2/15/17,11.57,11.7,11.4,11.53,11.53,1056100
2/16/17,11.51,11.54,11.14,11.17,11.17,1069600
2/17/17,11.15,11.43,11,11.38,11.38,918700
2/21/17,11.59,11.64,11.38,11.57,11.57,749700
2/22/17,11.61,11.68,11.29,11.4,11.4,918400
2/23/17,11.26,11.32,10.78,10.81,10.81,1987200
2/24/17,10.8,11.26,10.63,10.98,10.98,1718500
2/27/17,11.03,11.48,11.01,11.41,11.41,1915100
2/28/17,11.3,11.38,10.96,11.24,11.24,1593900
3/1/17,11.4,11.5,10.43,10.83,10.83,2349900
3/2/17,10.91,11.34,10.89,11.19,11.19,2259300
3/3/17,11.22,11.27,10.73,10.93,10.93,2636200
3/6/17,10.85,10.89,10.65,10.81,10.81,1296000
3/7/17,10.76,11,10.63,10.67,10.67,3015700
3/8/17,9.41,9.94,9.03,9.51,9.51,8888300
3/9/17,9.25,9.53,9.14,9.5,9.5,2793900
3/10/17,9.56,9.82,9.5,9.56,9.56,2232800
3/13/17,9.54,9.65,9.4,9.42,9.42,1353700
3/14/17,9.41,9.54,9.37,9.45,9.45,1348700
3/15/17,9.5,9.56,9.29,9.49,9.49,1620300
3/16/17,9.52,9.54,9.3,9.43,9.43,1439900
3/17/17,9.51,9.51,9.27,9.43,9.43,2019500
3/20/17,9.38,9.4,8.9,8.9,8.9,3037800
3/21/17,8.97,9.02,8.43,8.52,8.52,3398600
3/22/17,8.5,8.5,8.25,8.47,8.47,2156600
3/23/17,8.51,8.74,8.5,8.65,8.65,1199400
3/24/17,8.62,8.63,8.43,8.54,8.54,1103500
3/27/17,8.47,8.84,8.46,8.74,8.74,1294500
3/28/17,8.69,8.86,8.58,8.85,8.85,1634500
3/29/17,8.84,9.32,8.84,9.2,9.2,2842100
3/30/17,9.15,9.33,9.09,9.3,9.3,1585300
3/31/17,9.34,9.38,9.1,9.11,9.11,1513500
4/3/17,9.11,9.18,8.74,8.77,8.77,1619200
4/4/17,8.66,8.73,8.25,8.28,8.28,2621600
4/5/17,8.35,8.47,8.05,8.06,8.06,2540300
4/6/17,8.16,8.61,8.16,8.39,8.39,2386900
4/7/17,8.38,8.45,8.29,8.34,8.34,2701400
4/10/17,8.34,8.74,8.34,8.69,8.69,1940400
4/11/17,8.68,8.78,8.54,8.74,8.74,1675500
4/12/17,8.71,8.71,8.43,8.47,8.47,1110000
4/13/17,8.47,8.47,8.15,8.2,8.2,1357800
4/17/17,8.23,8.28,8.06,8.19,8.19,1296200
4/18/17,8.08,8.13,7.93,7.96,7.96,2118300
4/19/17,7.99,8.15,7.89,7.9,7.9,2342900
4/20/17,8.02,8.51,8.02,8.49,8.49,2326500
4/21/17,8.5,8.51,8.23,8.5,8.5,2169400
4/24/17,8.65,8.75,8.47,8.59,8.59,2351200
4/25/17,8.65,8.75,8.49,8.57,8.57,1416600
4/26/17,8.6,8.92,8.54,8.81,8.81,2928300
4/27/17,8.84,8.86,8.63,8.82,8.82,1600800
4/28/17,8.8,8.83,8.54,8.63,8.63,1728500
5/1/17,8.64,8.83,8.44,8.66,8.66,1760000
5/2/17,8.68,8.89,8.57,8.89,8.89,1243900
5/3/17,8.84,8.93,8.7,8.88,8.88,1480500
5/4/17,8.9,8.9,8.48,8.6,8.6,1177100
5/5/17,8.68,9.15,8.65,9.13,9.13,2362400
5/8/17,9.16,9.29,8.99,9,9,1431900
5/9/17,9.01,9.29,9.01,9.1,9.1,1535200
5/10/17,9.13,10,9.12,9.27,9.27,3067100
5/11/17,9.18,9.18,8.53,8.59,8.59,3078900
5/12/17,8.55,8.56,8.16,8.17,8.17,1968400
5/15/17,8.22,8.24,8.09,8.13,8.13,1874900
5/16/17,8.09,8.09,7.9,7.94,7.94,2880400
5/17/17,7.94,7.94,7.65,7.67,7.67,2525600
5/18/17,7.67,7.75,7.54,7.61,7.61,2585600
5/19/17,7.7,7.8,7.43,7.6,7.6,1487800
5/22/17,7.61,7.98,7.59,7.93,7.93,2262700
5/23/17,8,8.05,7.81,7.88,7.88,1474600
5/24/17,7.86,8.02,7.69,7.84,7.84,2523300
5/25/17,7.86,8.11,7.75,7.82,7.82,3286800
5/26/17,7.83,7.97,7.76,7.85,7.85,1465300
5/30/17,7.85,8.04,7.83,8.02,8.02,1990100
5/31/17,7.98,7.98,7.64,7.76,7.76,3128200
6/1/17,6.03,6.53,5.96,6.27,6.27,22818000
6/2/17,6.27,6.37,6,6.25,6.25,6962800
6/5/17,6.2,6.63,6.18,6.53,6.53,6372700
6/6/17,6.48,6.69,6.47,6.65,6.65,5210500
6/7/17,6.64,6.74,6.56,6.7,6.7,3552900
6/8/17,6.74,7.16,6.73,6.85,6.85,6343200
6/9/17,6.91,7.18,6.83,7.03,7.03,3640300
6/12/17,7.04,7.28,6.97,7,7,3847500
6/13/17,7.01,7.07,6.78,6.83,6.83,2847600
6/14/17,6.76,6.86,6.66,6.86,6.86,2076400
6/15/17,6.8,6.92,6.64,6.79,6.79,1416300
6/16/17,6.74,6.86,6.65,6.86,6.86,3382000
6/19/17,6.89,6.93,6.64,6.75,6.75,2664600
6/20/17,6.76,6.78,6.47,6.55,6.55,1660600
6/21/17,6.54,6.58,6.32,6.36,6.36,1326600
6/22/17,6.41,6.47,6.26,6.33,6.33,1932300
6/23/17,6.36,6.46,6.25,6.42,6.42,3565500
6/26/17,6.44,6.56,6.35,6.38,6.38,2810100
6/27/17,6.38,6.78,6.36,6.65,6.65,2545500
6/28/17,6.65,6.91,6.65,6.66,6.66,1413300
6/29/17,6.72,6.9,6.68,6.82,6.82,1805600
6/30/17,6.85,6.88,6.61,6.75,6.75,1348700
7/3/17,6.8,6.9,6.77,6.83,6.83,969500
7/5/17,6.82,6.83,6.54,6.68,6.68,2733300
7/6/17,6.64,6.64,6.28,6.32,6.32,1575500
7/7/17,6.34,6.49,6.3,6.46,6.46,1497200
7/10/17,6.37,6.44,6.05,6.1,6.1,2155600
7/11/17,6.11,6.16,6.01,6.1,6.1,1323200
7/12/17,6.17,6.27,6.05,6.13,6.13,1155800
7/13/17,6.2,6.54,6.2,6.47,6.47,1796200
7/14/17,6.47,6.56,6.23,6.33,6.33,1492000
7/17/17,6.33,6.48,6.29,6.37,6.37,1381000
7/18/17,6.37,6.4,6.2,6.21,6.21,955100
7/19/17,6.21,6.34,6.18,6.29,6.29,1092500
7/20/17,6.28,6.38,6.21,6.29,6.29,1252500
7/21/17,6.34,6.37,6.09,6.15,6.15,1669400
7/24/17,6.11,6.13,5.85,5.87,5.87,2206700
7/25/17,5.9,6.16,5.84,6.06,6.06,2303100
7/26/17,6.07,6.12,5.88,5.99,5.99,921200
7/27/17,5.99,6.23,5.93,6.19,6.19,1370300
7/28/17,6.14,6.2,6.02,6.07,6.07,1146300
7/31/17,6.07,6.14,5.89,6.06,6.06,2162700
8/1/17,6.06,6.22,5.97,6.2,6.2,1613400
8/2/17,6.13,6.21,6,6.08,6.08,1651100
8/3/17,6.07,6.27,5.91,5.95,5.95,2465600
8/4/17,5.99,6.25,5.94,6.23,6.23,2003600
8/7/17,6.25,6.49,6.24,6.38,6.38,2068800
8/8/17,6.45,6.67,6.44,6.58,6.58,2549100
8/9/17,6.51,6.51,6.3,6.45,6.45,2174500
8/10/17,6.39,6.39,6.14,6.16,6.16,2178500
8/11/17,6.04,6.29,6.02,6.28,6.28,1882700
8/14/17,6.29,6.34,5.89,5.94,5.94,2565200
8/15/17,5.88,5.89,5.51,5.57,5.57,2273300
8/16/17,5.77,5.94,5.72,5.84,5.84,2334700
8/17/17,5.79,5.89,5.7,5.73,5.73,1194400
8/18/17,5.7,5.85,5.69,5.7,5.7,1885300
8/21/17,5.7,5.7,5.28,5.35,5.35,2075200
8/22/17,5.35,5.54,5.35,5.49,5.49,3320800
8/23/17,6.39,6.85,6.13,6.56,6.56,18455800
8/24/17,6.65,6.65,6.21,6.34,6.34,5724100
8/25/17,6.32,6.62,6.3,6.56,6.56,4476100
8/28/17,6.54,6.65,6.47,6.61,6.61,1693300
8/29/17,6.51,6.57,6.36,6.51,6.51,1870000
8/30/17,6.49,6.53,6.38,6.48,6.48,1643800
8/31/17,6.51,6.52,6.34,6.37,6.37,2145200
9/1/17,6.41,6.7,6.4,6.67,6.67,2075200
9/5/17,6.67,6.73,6.43,6.51,6.51,1707500
9/6/17,6.53,6.69,6.48,6.6,6.6,1777500
9/7/17,6.61,6.65,6.37,6.45,6.45,1590600
9/8/17,6.42,6.48,6.03,6.12,6.12,1774300
9/11/17,6.14,6.31,6.11,6.25,6.25,1445600
9/12/17,6.28,6.53,6.27,6.42,6.42,2176900
9/13/17,6.45,6.59,6.42,6.55,6.55,1280600
9/14/17,6.56,6.59,6.36,6.52,6.52,1325000
9/15/17,6.51,6.69,6.46,6.61,6.61,4385100
9/18/17,6.61,6.74,6.51,6.57,6.57,2957100
9/19/17,6.56,6.62,6.48,6.57,6.57,1587700
9/20/17,6.53,6.67,6.43,6.58,6.58,2168500
9/21/17,6.63,6.7,6.6,6.61,6.61,2421000
9/22/17,6.57,6.69,6.42,6.65,6.65,2732100
9/25/17,6.61,6.74,6.5,6.61,6.61,3225300
9/26/17,6.63,6.7,6.55,6.66,6.66,2746400
9/27/17,6.74,6.86,6.59,6.82,6.82,3227400
9/28/17,6.88,6.93,6.69,6.78,6.78,2244300
9/29/17,6.82,6.84,6.72,6.76,6.76,1215200
10/2/17,6.79,6.79,6.44,6.68,6.68,2316900
10/3/17,6.7,6.73,6.58,6.66,6.66,1251700
10/4/17,6.73,7.17,6.63,6.96,6.96,5408400
10/5/17,6.98,7.19,6.9,7.19,7.19,3062800
10/6/17,7.1,7.11,6.94,6.96,6.96,2647300
10/9/17,6.96,7.01,6.69,6.7,6.7,2604100
10/10/17,6.73,6.78,6.61,6.7,6.7,2829100
10/11/17,6.7,6.75,6.39,6.41,6.41,2876700
10/12/17,6.4,6.44,5.82,5.88,5.88,6453900
10/13/17,5.98,6.05,5.83,5.9,5.9,2888100
10/16/17,5.88,6.03,5.86,5.99,5.99,2787000
10/17/17,5.97,6.11,5.95,6.08,6.08,1519700
10/18/17,6.09,6.36,6.09,6.34,6.34,2200500
10/19/17,6.2,6.38,6.18,6.32,6.32,1101900
10/20/17,6.39,6.65,6.34,6.62,6.62,3530200
10/23/17,6.6,7.16,6.6,6.9,6.9,2639500
10/24/17,6.87,7.12,6.86,7.1,7.1,2689100
10/25/17,7.11,7.34,7.05,7.3,7.3,2554100
10/26/17,7.33,7.45,7.25,7.29,7.29,2346000
10/27/17,7.15,7.23,7.05,7.18,7.18,1718200
10/30/17,7.1,7.11,6.75,6.85,6.85,1539500
10/31/17,6.85,6.93,6.65,6.77,6.77,1772800
11/1/17,6.8,6.87,6.57,6.73,6.73,1337900
11/2/17,6.77,6.9,6.7,6.8,6.8,1618100
11/3/17,6.76,6.84,6.64,6.74,6.74,1404500
11/6/17,6.79,6.86,6.67,6.76,6.76,1276400
11/7/17,6.73,6.74,6.4,6.44,6.44,1566000
11/8/17,6.41,6.52,6.35,6.52,6.52,1152200
11/9/17,6.46,6.94,6.44,6.78,6.78,1321800
11/10/17,6.79,7.17,6.76,7.08,7.08,1731100
11/13/17,7.05,7.15,6.77,6.87,6.87,1492800
11/14/17,6.81,6.87,6.62,6.83,6.83,1213000
11/15/17,6.78,7.07,6.63,6.93,6.93,947500
11/16/17,6.94,7.23,6.9,7.17,7.17,1064000
11/17/17,7.43,7.83,7.4,7.71,7.71,2566300
11/20/17,7.69,8.11,7.67,8.1,8.1,2739700
11/21/17,8.04,8.06,7.64,7.67,7.67,2351000
11/22/17,7.68,7.83,7.61,7.83,7.83,1731400
11/24/17,7.88,8,7.79,7.81,7.81,823200
11/27/17,7.89,8.26,7.89,8.25,8.25,2849400
11/28/17,8.22,8.8,8.2,8.78,8.78,3272900
11/29/17,8.81,9.35,8.79,9.22,9.22,4211200
11/30/17,8.86,10.1,8.85,9.74,9.74,8838700
12/1/17,9.95,10.44,9.8,10.14,10.14,4880300
12/4/17,10.27,10.92,10.25,10.48,10.48,4316800
12/5/17,10.49,10.74,10.23,10.65,10.65,3769300
12/6/17,10.74,11.16,10.63,11.05,11.05,3380100
12/7/17,11.07,11.29,10.95,11.14,11.14,3463000
12/8/17,11.18,11.32,10.94,11.22,11.22,2078800
12/11/17,11.26,11.34,11,11.17,11.17,2703600
12/12/17,11.21,11.32,10.85,10.87,10.87,3213500
12/13/17,11.06,11.21,10.92,10.96,10.96,2289900
12/14/17,11,11.14,10.15,10.36,10.36,3368500
12/15/17,10.42,10.56,10.12,10.18,10.18,5524800
12/18/17,10.33,10.73,10.32,10.71,10.71,3443000
12/19/17,10.79,10.87,10.39,10.5,10.5,1987400
12/20/17,10.62,10.62,10.21,10.44,10.44,2466400
12/21/17,10.5,10.62,10.37,10.57,10.57,1839600
12/22/17,10.5,10.51,10.29,10.43,10.43,1521200
12/26/17,10.44,11.01,10.44,10.89,10.89,2443700
12/27/17,10.86,10.86,10.62,10.68,10.68,1641700
12/28/17,10.66,10.73,10.49,10.59,10.59,1260800
12/29/17,10.58,10.69,10.1,10.15,10.15,2714300
1/2/18,10.22,10.36,9.39,9.45,9.45,6168400
1/3/18,9.64,9.85,9.44,9.72,9.72,5627400
1/4/18,9.66,9.8,8.88,9.62,9.62,4802600
1/5/18,9.58,9.58,9.14,9.15,9.15,3972900
1/8/18,9.15,9.3,8.94,9.24,9.24,3142200
1/9/18,7.77,8.21,7.16,7.37,7.37,15333000
1/10/18,7.19,7.7,7.14,7.49,7.49,6466400
1/11/18,7.48,7.63,7.37,7.49,7.49,3728300
1/12/18,7.52,7.63,7.19,7.26,7.26,4084400
1/16/18,7.28,7.38,7.18,7.21,7.21,3394300
1/17/18,7.25,7.53,7.22,7.45,7.45,2719600
1/18/18,7.43,7.47,7.26,7.29,7.29,1827100
1/19/18,7.33,7.45,7.26,7.45,7.45,1838600
1/22/18,7.48,7.6,7.4,7.53,7.53,1785000
1/23/18,7.54,7.62,7.35,7.5,7.5,1651100
1/24/18,7.52,7.57,7.25,7.31,7.31,1533700
1/25/18,7.36,7.38,7.17,7.26,7.26,2244900
1/26/18,7.3,7.35,7.19,7.3,7.3,1570800
1/29/18,7.26,7.39,7.19,7.26,7.26,817300
1/30/18,7.24,7.3,6.98,7.12,7.12,1500300
1/31/18,7.15,7.15,6.92,6.98,6.98,1425400
2/1/18,6.9,7.12,6.84,6.93,6.93,1675400
2/2/18,6.88,6.97,6.62,6.65,6.65,3104600
2/5/18,6.58,6.83,6.42,6.42,6.42,2589200
2/6/18,6.26,6.7,6.17,6.56,6.56,2423500
2/7/18,6.59,7.02,6.54,6.96,6.96,2203600
2/8/18,7.01,7.14,6.72,6.85,6.85,2263000
2/9/18,6.9,7.21,6.74,7.14,7.14,3186800
2/12/18,7.16,7.22,6.8,6.89,6.89,1490800
2/13/18,6.85,6.91,6.77,6.87,6.87,1289800
2/14/18,6.81,7.21,6.79,7.14,7.14,1429100
2/15/18,7.21,7.21,6.86,7.11,7.11,1197600
2/16/18,7.1,7.41,7.08,7.11,7.11,1262400
2/20/18,7.11,7.13,6.84,6.91,6.91,1330100
2/21/18,6.96,7.19,6.89,7.02,7.02,941500
2/22/18,7.06,7.27,6.96,7.21,7.21,2036900
2/23/18,7.28,7.44,7.18,7.37,7.37,1299700
2/26/18,7.43,7.64,7.37,7.54,7.54,1486000
2/27/18,7.61,7.77,7.19,7.21,7.21,1785800
2/28/18,7.3,7.42,7.2,7.22,7.22,1429700
3/1/18,7.2,7.29,7.01,7.18,7.18,1694600
3/2/18,7.08,7.53,6.94,7.48,7.48,2808700
3/5/18,7.49,7.62,7.38,7.5,7.5,1815600
3/6/18,7.51,7.68,7.32,7.6,7.6,2021400
3/7/18,7.53,7.77,7.47,7.55,7.55,2289500
3/8/18,7.58,7.67,7.16,7.3,7.3,2620600
3/9/18,7.36,7.56,7.23,7.34,7.34,2412000
3/12/18,7.39,7.54,7.24,7.36,7.36,2855300
3/13/18,7.41,7.47,7.27,7.4,7.4,4235000
3/14/18,7.89,7.91,7.12,7.39,7.39,6995000
3/15/18,7.33,7.53,7.16,7.19,7.19,3792900
3/16/18,7.21,7.29,7.06,7.2,7.2,3466600
3/19/18,7.17,7.17,6.93,6.98,6.98,1697100
3/20/18,6.98,7.04,6.93,6.99,6.99,1642200
3/21/18,6.97,7.18,6.93,6.99,6.99,1561200
3/22/18,6.94,7,6.78,6.84,6.84,1665400
3/23/18,6.88,7.04,6.83,6.9,6.9,1768900
3/26/18,6.99,7.33,6.99,7.28,7.28,2215000
3/27/18,7.25,7.4,7.12,7.13,7.13,2591600
3/28/18,7.13,7.45,7.07,7.23,7.23,2502100
3/29/18,7.22,7.29,7.15,7.16,7.16,1518300
4/2/18,7.12,7.2,6.62,6.71,6.71,2107500
4/3/18,6.75,7.01,6.75,6.9,6.9,1931400
4/4/18,6.8,7.1,6.78,7.07,7.07,1609000
4/5/18,7.09,7.6,7.07,7.53,7.53,1650900
4/6/18,7.5,7.7,7.43,7.56,7.56,1521400
4/9/18,7.59,7.69,7.48,7.51,7.51,1429400
4/10/18,7.58,7.75,7.53,7.7,7.7,1080100
4/11/18,7.67,7.79,7.61,7.78,7.78,1166500
4/12/18,7.83,7.96,7.8,7.93,7.93,1809900
4/13/18,7.96,8.31,7.92,8.19,8.19,3729600
4/16/18,8.21,8.21,7.78,7.81,7.81,2256300
4/17/18,7.83,8,7.8,7.81,7.81,1227400
4/18/18,7.9,7.95,7.73,7.77,7.77,1512500
4/19/18,7.61,7.8,7.51,7.62,7.62,1278600
4/20/18,7.58,7.64,7.25,7.29,7.29,1924000
4/23/18,7.32,7.39,7.15,7.33,7.33,1982600
4/24/18,7.4,7.61,7.34,7.45,7.45,1337100
4/25/18,7.43,7.65,7.38,7.5,7.5,2169800
4/26/18,7.55,7.76,7.52,7.72,7.72,1172000
4/27/18,7.71,7.92,7.71,7.88,7.88,1357300
4/30/18,7.91,7.97,7.83,7.84,7.84,1963900
5/1/18,7.8,7.82,7.37,7.47,7.47,3202800
5/2/18,7.41,7.57,7.36,7.45,7.45,1345100
5/3/18,7.46,7.53,7.31,7.31,7.31,1395500
5/4/18,7.31,7.71,7.27,7.6,7.6,1889100
5/7/18,7.64,7.76,7.6,7.75,7.75,1533300
5/8/18,7.7,7.96,7.68,7.95,7.95,1710600
5/9/18,7.99,8.47,7.96,8.38,8.38,2333600
5/10/18,8.39,8.41,8.2,8.38,8.38,1392200
5/11/18,8.41,8.7,8.34,8.65,8.65,1796800
5/14/18,8.64,8.78,8.59,8.63,8.63,1636100
5/15/18,8.63,8.79,8.59,8.7,8.7,1144100
5/16/18,8.77,9.16,8.77,9.11,9.11,1561300
5/17/18,9.06,9.19,8.95,9.05,9.05,1125600
5/18/18,9.1,9.35,9.04,9.17,9.17,2135100
5/21/18,9.22,9.28,9.1,9.11,9.11,2148500
5/22/18,9.2,9.21,8.71,8.81,8.81,1841300
5/23/18,8.78,9.05,8.72,8.83,8.83,1331700
5/24/18,8.78,9.06,8.59,9.04,9.04,910200
5/25/18,9,9.05,8.91,8.96,8.96,1272200
5/29/18,8.89,8.98,8.82,8.84,8.84,1656800
5/30/18,8.85,9.19,8.58,9.16,9.16,6569700
5/31/18,10.08,10.5,8.24,8.51,8.51,7850500
6/1/18,8.52,9.22,8.52,9.15,9.15,2941700
6/4/18,9.23,9.41,8.98,9.34,9.34,3002000
6/5/18,9.36,10.21,9.28,10.09,10.09,3925800
6/6/18,10.14,10.27,9.95,10.1,10.1,2028900
6/7/18,10.18,10.52,10.07,10.18,10.18,2147800
6/8/18,10.11,10.53,10.11,10.5,10.5,1842300
6/11/18,10.49,10.8,10.34,10.59,10.59,2104800
6/12/18,10.64,10.69,10.38,10.45,10.45,2048500
6/13/18,10.45,10.45,9.81,9.85,9.85,2654700
6/14/18,9.83,9.87,9.42,9.42,9.42,3336500
6/15/18,9.33,9.55,9.3,9.36,9.36,4322400
6/18/18,9.29,9.86,9.28,9.76,9.76,3765600
6/19/18,9.66,9.98,9.66,9.92,9.92,1828000
6/20/18,10,10.39,9.8,10.37,10.37,1456700
6/21/18,10.37,10.57,10.34,10.45,10.45,1341200
6/22/18,10.5,10.54,10.29,10.5,10.5,1827800
6/25/18,10.49,10.55,10.1,10.17,10.17,1371400
6/26/18,10.13,10.29,10.06,10.26,10.26,2294100
6/27/18,10.31,10.4,9.78,9.79,9.79,1276100
6/28/18,9.79,9.97,9.67,9.73,9.73,1810100
6/29/18,9.82,9.92,9.13,9.15,9.15,2711200
7/2/18,9.07,9.16,8.93,9.15,9.15,1689500
7/3/18,9.22,9.44,9.11,9.29,9.29,783600
7/5/18,9.34,9.49,9.21,9.47,9.47,921800
7/6/18,9.43,9.79,9.43,9.67,9.67,1121600
7/9/18,9.75,9.8,9.51,9.67,9.67,1354600
7/10/18,9.66,9.78,9.31,9.33,9.33,1398000
7/11/18,9.28,9.38,9.05,9.35,9.35,1564700
7/12/18,9.34,9.42,9.09,9.28,9.28,3225300
7/13/18,9.29,9.48,9.2,9.38,9.38,1621300
7/16/18,9.39,9.79,9.25,9.64,9.64,1856500
7/17/18,9.61,10.08,9.61,10.07,10.07,1568300
7/18/18,10.09,10.13,9.8,10.02,10.02,915000
7/19/18,9.93,10.14,9.92,10.11,10.11,1001400
7/20/18,10.08,10.35,9.82,9.83,9.83,1094700
7/23/18,9.85,9.93,9.66,9.68,9.68,1234200
7/24/18,9.73,10,9.6,9.69,9.69,1394600
7/25/18,9.64,10.03,9.54,9.98,9.98,1192300
7/26/18,9.99,10.4,9.72,10.01,10.01,1362700
7/27/18,10.02,10.1,9.5,9.52,9.52,1592500
7/30/18,9.51,9.9,9.49,9.77,9.77,1823800
7/31/18,9.82,9.82,9.58,9.63,9.63,1317800
8/1/18,9.67,9.77,9.24,9.42,9.42,1104000
8/2/18,9.32,9.73,9.32,9.71,9.71,995100
8/3/18,9.76,9.96,9.61,9.78,9.78,798100
8/6/18,9.8,9.94,9.74,9.88,9.88,784500
8/7/18,9.8,10.13,9.78,10.11,10.11,1106600
8/8/18,10.09,10.16,9.91,10.15,10.15,792400
8/9/18,10.15,10.44,10.07,10.37,10.37,862800
8/10/18,10.3,10.63,10.29,10.53,10.53,1064600
8/13/18,10.57,10.57,9.95,10.3,10.3,1380800
8/14/18,10.39,10.75,10.28,10.71,10.71,1569500
8/15/18,10.61,10.62,9.9,10.1,10.1,1411400
8/16/18,10.18,10.3,10.04,10.19,10.19,1254400
8/17/18,10.15,10.55,10.14,10.36,10.36,1215300
8/20/18,10.27,10.61,9.98,10.56,10.56,1801300
8/21/18,10.58,10.67,10.34,10.61,10.61,1214200
8/22/18,10.66,10.9,10.46,10.51,10.51,1230000
8/23/18,10.49,10.84,10.43,10.73,10.73,1641600
8/24/18,10.65,10.65,10.24,10.41,10.41,1870000
8/27/18,10.42,10.42,9.76,9.82,9.82,3722400
8/28/18,9.9,10.33,9.81,9.99,9.99,4293900
8/29/18,10.4,10.41,9.04,9.93,9.93,9708900
8/30/18,9.95,10.98,9.9,10.66,10.66,5221400
8/31/18,10.69,11.28,10.66,11.22,11.22,3915200
9/4/18,11.22,11.51,11.22,11.48,11.48,2939900
9/5/18,11.47,11.6,11.13,11.59,11.59,3615900
9/6/18,11.65,11.69,10.88,10.9,10.9,2703700
9/7/18,10.89,10.89,10.34,10.39,10.39,2963500
9/10/18,10.51,10.61,10.35,10.52,10.52,1623400
9/11/18,10.5,10.57,10.34,10.55,10.55,1732500
9/12/18,10.55,10.7,10.31,10.62,10.62,1944500
9/13/18,10.72,10.75,10.41,10.47,10.47,1097800
9/14/18,10.41,10.56,10.34,10.41,10.41,1324900
9/17/18,10.45,10.67,10.21,10.43,10.43,2418700
9/18/18,10.43,10.79,10.43,10.48,10.48,2179100
9/19/18,10.46,10.76,10.38,10.57,10.57,2406500
9/20/18,10.61,10.96,10.51,10.93,10.93,2344700
9/21/18,11,11.17,10.88,10.91,10.91,2951900
9/24/18,10.94,10.97,10.7,10.92,10.92,1179900
9/25/18,10.99,11.25,10.86,10.88,10.88,1212300
9/26/18,10.88,11.24,10.86,11.18,11.18,1383300
9/27/18,11.21,11.27,11.01,11.04,11.04,1270500
9/28/18,10.99,11.32,10.95,11.06,11.06,1307800
10/1/18,11.16,11.16,10.66,10.67,10.67,1244200
10/2/18,10.66,10.74,9.81,9.85,9.85,2257400
10/3/18,9.9,9.99,9.66,9.98,9.98,1615900
10/4/18,10.02,10.04,9.69,9.89,9.89,1560300
10/5/18,9.9,9.96,9.54,9.66,9.66,1731200
10/8/18,9.65,9.65,9.07,9.21,9.21,2297400
10/9/18,9.2,9.44,9.14,9.15,9.15,1864800
10/10/18,9.14,9.14,8.72,8.74,8.74,3051900
10/11/18,8.66,9.07,8.56,8.65,8.65,2262600
10/12/18,8.81,8.87,8.22,8.4,8.4,4294500
10/15/18,8.38,8.67,8.37,8.6,8.6,2601600
10/16/18,8.66,8.79,8.46,8.76,8.76,1614500
10/17/18,8.76,8.8,8.47,8.67,8.67,1594900
10/18/18,8.7,8.87,8.58,8.72,8.72,1921300
10/19/18,8.72,8.8,8.41,8.42,8.42,3403500
10/22/18,8.44,8.69,8.31,8.5,8.5,2730900
10/23/18,8.33,8.4,8.03,8.3,8.3,2241300
10/24/18,8.29,8.61,8.27,8.3,8.3,2662600
10/25/18,8.35,8.57,8.3,8.47,8.47,2983700
10/26/18,8.41,8.65,8.29,8.47,8.47,1728600
10/29/18,8.55,8.79,8.4,8.57,8.57,1934600
10/30/18,8.57,9.13,8.46,8.97,8.97,3344500
10/31/18,9.09,9.1,8.66,8.81,8.81,2042500
11/1/18,8.8,9.08,8.65,9.04,9.04,1995800
11/2/18,9.11,9.35,9.08,9.3,9.3,1913200
11/5/18,9.32,9.55,9.15,9.52,9.52,2268200
11/6/18,9.44,9.6,9.2,9.52,9.52,1694000
11/7/18,9.5,9.5,8.97,9.49,9.49,1228700
11/8/18,9.48,9.64,9.33,9.57,9.57,1143100
11/9/18,9.55,9.55,8.98,9.2,9.2,1794700
11/12/18,9.24,9.35,8.93,8.97,8.97,2541300
11/13/18,9.04,9.21,8.92,8.92,8.92,1637900
11/14/18,9.01,9.42,8.6,8.73,8.73,2042800
11/15/18,8.6,8.76,8.27,8.71,8.71,1849800
11/16/18,8.57,8.57,8.03,8.09,8.09,2358700
11/19/18,8.06,8.21,7.63,7.67,7.67,2271300
11/20/18,7.47,7.66,7.32,7.47,7.47,3267200
11/21/18,7.51,7.83,7.51,7.72,7.72,1553800
11/23/18,7.67,7.77,7.57,7.65,7.65,650900
11/26/18,7.76,7.91,7.57,7.74,7.74,1842600
11/27/18,7.63,7.71,7.42,7.56,7.56,2883400
11/28/18,7.53,7.64,7.07,7.16,7.16,4476500
11/29/18,5.66,7.1,5.66,6.8,6.8,16139000
11/30/18,6.69,6.8,6.21,6.24,6.24,6972000
12/3/18,6.33,6.58,6.15,6.57,6.57,4500100
12/4/18,6.55,6.59,6.06,6.19,6.19,3395800
12/6/18,6.11,6.35,5.99,6.19,6.19,2706000
12/7/18,6.16,6.21,5.78,5.84,5.84,3369000
12/10/18,5.88,6,5.77,5.84,5.84,2132800
12/11/18,5.94,5.94,5.68,5.69,5.69,2195200
12/12/18,5.7,5.84,5.64,5.82,5.82,1268400
12/13/18,5.76,5.78,5.51,5.55,5.55,2802600
12/14/18,5.5,5.81,5.5,5.58,5.58,2020400
12/17/18,5.52,5.76,5.43,5.51,5.51,2240900
12/18/18,5.52,5.75,5.49,5.5,5.5,2190400
12/19/18,5.54,5.58,5.27,5.32,5.32,2299500
12/20/18,5.31,5.44,5.22,5.35,5.35,2103200
12/21/18,5.35,5.4,4.97,4.99,4.99,4575200
12/24/18,4.93,5.12,4.83,5.01,5.01,1331800
12/26/18,5.04,5.46,4.97,5.44,5.44,1842100
12/27/18,5.34,5.34,4.94,5.16,5.16,2013400
12/28/18,5.19,5.33,5.07,5.15,5.15,2063300
12/31/18,5.19,5.23,5,5.11,5.11,1660300
1/2/19,5.07,5.44,5,5.35,5.35,1948900
1/3/19,5.31,5.4,5.11,5.35,5.35,2311700
1/4/19,5.44,5.57,5.32,5.43,5.43,2102500
1/7/19,5.47,5.75,5.44,5.61,5.61,1902700
1/8/19,5.57,5.65,5.33,5.57,5.57,2456000
1/9/19,5.59,5.67,5.5,5.6,5.6,2946700
1/10/19,5.43,5.43,4.95,5.13,5.13,4512100
1/11/19,5.02,5.47,5.02,5.35,5.35,2058100
1/14/19,5.31,5.39,5.16,5.16,5.16,1770900
1/15/19,5.21,5.24,5.1,5.16,5.16,1531700
1/16/19,5.14,5.31,5.14,5.24,5.24,1677000
1/17/19,5.17,5.35,5.15,5.3,5.3,1839700
1/18/19,5.31,5.47,5.24,5.4,5.4,1362500
1/22/19,5.38,5.52,5.2,5.25,5.25,2272400
1/23/19,5.26,5.29,5.09,5.2,5.2,1676500
1/24/19,5.22,5.25,5.07,5.11,5.11,977400
1/25/19,5.18,5.39,5.15,5.37,5.37,2564700
1/28/19,5.33,5.64,5.28,5.6,5.6,2706100
1/29/19,5.59,5.59,5.34,5.41,5.41,1837700
1/30/19,5.39,5.43,5.25,5.37,5.37,1471600
1/31/19,5.38,5.49,5.22,5.3,5.3,2880500
2/1/19,5.35,5.39,5.2,5.28,5.28,2369700
2/4/19,5.3,5.4,5.25,5.37,5.37,931000
2/5/19,5.4,5.5,5.32,5.43,5.43,686200
2/6/19,5.43,5.48,5.27,5.32,5.32,807800
2/7/19,5.28,5.39,5.07,5.18,5.18,1611700
2/8/19,5.17,5.32,5.16,5.2,5.2,1085300
2/11/19,5.2,5.45,5.14,5.41,5.41,1296200
2/12/19,5.44,5.57,5.36,5.39,5.39,863400
2/13/19,5.39,5.48,5.28,5.34,5.34,881000
2/14/19,5.29,5.35,5.16,5.2,5.2,1632300
2/15/19,5.23,5.32,5.2,5.29,5.29,1644200
2/19/19,5.29,5.39,5.21,5.33,5.33,926300
2/20/19,5.35,5.4,5.29,5.36,5.36,892700
2/21/19,5.35,5.4,5.06,5.11,5.11,1546700
2/22/19,5.13,5.22,5.03,5.21,5.21,1144300
2/25/19,5.25,5.3,5.11,5.15,5.15,1055500
2/26/19,5.12,5.22,5.04,5.17,5.17,1420500
2/27/19,5.17,5.31,5.15,5.22,5.22,1250600
2/28/19,5.22,5.31,5.11,5.2,5.2,1430700
3/1/19,5.3,5.54,5.19,5.31,5.31,3178400
3/4/19,5.36,5.44,5.09,5.15,5.15,1841700
3/5/19,5.17,5.2,5.07,5.08,5.08,1032400
3/6/19,5.13,5.2,4.93,4.97,4.97,2065000
3/7/19,4.96,4.99,4.82,4.97,4.97,1192900
3/8/19,4.95,5,4.81,4.89,4.89,1490200
3/11/19,4.89,5.04,4.86,4.98,4.98,1771000
3/12/19,5.06,5.07,4.84,5.04,5.04,3260600
3/13/19,4.33,4.96,4.28,4.53,4.53,8118000
3/14/19,4.53,4.59,4.49,4.49,4.49,1658100
3/15/19,4.55,4.55,4.22,4.3,4.3,7006000
3/18/19,4.27,4.37,4.16,4.29,4.29,3163300
3/19/19,4.31,4.37,4.19,4.19,4.19,2553200
3/20/19,4.18,4.2,3.99,4.08,4.08,2750200
3/21/19,4.04,4.14,3.98,4.12,4.12,2086700
3/22/19,4.11,4.12,3.92,3.93,3.93,1893400
3/25/19,3.95,4.1,3.88,4,4,1554500
3/26/19,4.03,4.17,4,4.04,4.04,1379000
3/27/19,4.05,4.18,4,4.14,4.14,2057600
3/28/19,4.18,4.32,4.17,4.23,4.23,1455100
3/29/19,4.27,4.34,4.21,4.28,4.28,2061900
4/1/19,4.32,4.43,4.25,4.35,4.35,2000100
4/2/19,4.34,4.42,4.23,4.28,4.28,1778300
4/3/19,4.31,4.39,4.23,4.24,4.24,1429800
4/4/19,4.23,4.33,4.2,4.31,4.31,1166100
4/5/19,4.33,4.36,4.25,4.29,4.29,1557400
4/8/19,4.26,4.34,4.24,4.3,4.3,2261600
4/9/19,4.27,4.29,4.04,4.1,4.1,1672700
4/10/19,4.1,4.14,4.01,4.12,4.12,1134200
4/11/19,4.1,4.11,3.91,3.94,3.94,1745200
4/12/19,3.95,3.99,3.85,3.87,3.87,990500
4/15/19,3.87,3.9,3.69,3.77,3.77,1432800
4/16/19,3.78,3.93,3.71,3.86,3.86,1891400
4/17/19,3.87,4.06,3.87,4.01,4.01,1594100
4/18/19,4.02,4.14,3.94,3.95,3.95,1644900
4/22/19,3.93,3.97,3.6,3.67,3.67,2547900
4/23/19,3.7,3.74,3.52,3.55,3.55,1756000
4/24/19,3.57,3.77,3.48,3.7,3.7,1788300
4/25/19,3.68,3.71,3.54,3.56,3.56,1293400
4/26/19,3.56,3.65,3.5,3.59,3.59,1715900
4/29/19,3.61,3.81,3.6,3.75,3.75,1885700
4/30/19,3.75,3.77,3.65,3.68,3.68,1407700
5/1/19,3.65,3.8,3.65,3.77,3.77,2081300
5/2/19,3.77,3.97,3.74,3.9,3.9,1648000
5/3/19,3.91,4.03,3.86,3.97,3.97,1059700
5/6/19,3.92,3.93,3.78,3.83,3.83,935900
5/7/19,3.81,3.84,3.67,3.79,3.79,1556600
5/8/19,3.81,3.82,3.7,3.71,3.71,835400
5/9/19,3.68,3.72,3.59,3.69,3.69,1034600
5/10/19,3.7,3.77,3.56,3.66,3.66,1491300
5/13/19,3.56,3.59,3.37,3.4,3.4,1837800
5/14/19,3.42,3.48,3.31,3.45,3.45,1535800
5/15/19,3.44,3.44,3.3,3.39,3.39,1226600
5/16/19,3.42,3.44,3.34,3.38,3.38,1333500
5/17/19,3.34,3.53,3.34,3.37,3.37,1946700
5/20/19,3.4,3.43,3.32,3.37,3.37,1194600
5/21/19,3.37,3.51,3.29,3.45,3.45,1484600
5/22/19,3.45,3.45,3.26,3.3,3.3,1940500
5/23/19,3.27,3.41,3.23,3.24,3.24,2187500
5/24/19,3.27,3.64,3.24,3.58,3.58,3500300
5/28/19,3.6,3.71,3.42,3.44,3.44,3013700
5/29/19,3.39,3.44,3.17,3.17,3.17,2972400
5/30/19,3.38,3.38,3.09,3.2,3.2,5066500
5/31/19,3.1,3.1,2.9,3.01,3.01,5487600
6/3/19,3,3.1,2.89,3.09,3.09,3365900
6/4/19,3.13,3.27,3.09,3.18,3.18,2540800
6/5/19,3.22,3.26,2.97,3,3,1941400
6/6/19,2.99,3,2.64,2.67,2.67,3107400
6/7/19,2.69,2.73,2.61,2.73,2.73,2297900
6/10/19,2.73,2.81,2.62,2.65,2.65,1722700
6/11/19,2.65,2.77,2.57,2.6,2.6,2041100
6/12/19,2.57,2.64,2.52,2.62,2.62,2309700
6/13/19,2.65,2.75,2.59,2.71,2.71,2018400
6/14/19,2.7,2.75,2.62,2.71,2.71,1821700
6/17/19,2.71,2.83,2.68,2.73,2.73,1257300
6/18/19,2.76,2.85,2.65,2.71,2.71,1583400
6/19/19,2.71,2.78,2.68,2.68,2.68,1867400
6/20/19,2.69,2.77,2.65,2.75,2.75,2644500
6/21/19,2.74,2.84,2.72,2.78,2.78,5552700
6/24/19,2.79,2.82,2.74,2.74,2.74,2773100
6/25/19,2.76,2.76,2.69,2.71,2.71,2267600
6/26/19,2.73,2.78,2.67,2.67,2.67,1925000
6/27/19,2.68,2.78,2.65,2.76,2.76,1051400
6/28/19,2.75,2.81,2.73,2.73,2.73,2170200
7/1/19,2.76,2.84,2.7,2.7,2.7,2131500
7/2/19,2.7,2.73,2.61,2.64,2.64,2756500
7/3/19,2.64,2.65,2.56,2.57,2.57,1296700
7/5/19,2.57,2.63,2.55,2.61,2.61,1952900
7/8/19,2.6,2.68,2.59,2.59,2.59,1346400
7/9/19,2.59,2.62,2.55,2.57,2.57,1840700
7/10/19,2.59,2.63,2.54,2.55,2.55,1736000
7/11/19,2.57,2.6,2.48,2.52,2.52,1606300
7/12/19,2.53,2.61,2.52,2.6,2.6,939200
7/15/19,2.61,2.66,2.56,2.6,2.6,853900
7/16/19,2.6,2.68,2.59,2.67,2.67,1200200
7/17/19,2.66,2.68,2.54,2.54,2.54,1600500
7/18/19,2.54,2.57,2.44,2.46,2.46,1910600
7/19/19,2.45,2.5,2.39,2.45,2.45,1697400
7/22/19,2.44,2.47,2.39,2.45,2.45,1975900
7/23/19,2.47,2.52,2.39,2.4,2.4,1051100
7/24/19,2.41,2.46,2.4,2.45,2.45,854100
7/25/19,2.44,2.49,2.4,2.43,2.43,1181800
7/26/19,2.44,2.47,2.35,2.37,2.37,1028800
7/29/19,2.38,2.42,2.29,2.35,2.35,872200
7/30/19,2.33,2.37,2.29,2.35,2.35,819700
7/31/19,2.35,2.49,2.34,2.47,2.47,1174100
8/1/19,2.47,2.47,2.26,2.27,2.27,1655000
8/2/19,2.24,2.32,2.19,2.19,2.19,1160000
8/5/19,2.15,2.17,2.07,2.16,2.16,1230100
8/6/19,2.18,2.22,2.1,2.21,2.21,855900
8/7/19,2.18,2.21,2.11,2.12,2.12,657400
8/8/19,2.12,2.22,2.08,2.2,2.2,1128000
8/9/19,2.18,2.2,1.98,2,2,1395100
8/12/19,1.97,1.99,1.95,1.97,1.97,1189900
8/13/19,1.97,2.16,1.95,2.07,2.07,1289800
8/14/19,2,2.03,1.86,1.91,1.91,901700
8/15/19,1.9,1.9,1.83,1.86,1.86,802700
8/16/19,1.86,1.98,1.85,1.97,1.97,1052200
8/19/19,2,2.07,1.83,2.02,2.02,878600
8/20/19,2.01,2.03,1.88,1.93,1.93,804000
8/21/19,1.98,2.1,1.93,2.06,2.06,1494000
8/22/19,2.11,2.14,2.01,2.11,2.11,1312900
8/23/19,2.07,2.11,1.9,1.94,1.94,1136300
8/26/19,1.96,2.03,1.94,2.02,2.02,1211200
8/27/19,2.04,2.05,1.84,1.86,1.86,1586800
8/28/19,1.88,2.29,1.87,2.26,2.26,4878800
8/29/19,2.28,2.34,2.08,2.26,2.26,1663400
8/30/19,2.26,2.3,2.11,2.12,2.12,1060100
9/3/19,2.12,2.14,2.01,2.04,2.04,1143300
9/4/19,2.06,2.06,1.97,1.99,1.99,726800
9/5/19,2.06,2.22,2.03,2.1,2.1,1096000
9/6/19,2.13,2.24,2.11,2.23,2.23,960400
9/9/19,2.26,2.64,2.26,2.6,2.6,1955300
9/10/19,2.6,3.07,2.6,3.07,3.07,3143800
9/11/19,3.07,3.22,2.72,3.2,3.2,2350000
9/12/19,3.16,3.3,3.07,3.3,3.3,1475300
9/13/19,3.31,3.49,3.07,3.09,3.09,2045500
9/16/19,3.14,3.37,3.14,3.21,3.21,2062200
9/17/19,3.19,3.22,3.05,3.11,3.11,1267600
9/18/19,3.1,3.21,2.81,2.87,2.87,2566600
9/19/19,2.89,2.9,2.62,2.64,2.64,2559600
9/20/19,2.64,2.98,2.64,2.72,2.72,3183900
9/23/19,2.67,2.84,2.65,2.74,2.74,1729700
9/24/19,2.76,2.79,2.66,2.72,2.72,1419600
9/25/19,2.7,2.93,2.69,2.92,2.92,1617400
9/26/19,2.92,3.06,2.81,3.03,3.03,1218600
9/27/19,3.04,3.36,3.04,3.32,3.32,2254700
9/30/19,3.33,3.5,3.23,3.44,3.44,2182700
10/1/19,3.45,3.53,3.34,3.38,3.38,1666800
10/2/19,3.33,3.36,3.03,3.14,3.14,1496900
10/3/19,3.08,3.11,2.87,3.07,3.07,958600
10/4/19,3.02,3.09,2.86,2.96,2.96,1299300
10/7/19,2.94,3.09,2.92,3.05,3.05,1025100
10/8/19,3,3.09,2.88,2.89,2.89,1288900
10/9/19,2.92,2.93,2.78,2.81,2.81,1108100
10/10/19,2.8,2.95,2.79,2.89,2.89,1370700
10/11/19,2.95,3.05,2.89,2.95,2.95,1131700
10/14/19,2.95,2.98,2.82,2.82,2.82,1132500
10/15/19,2.84,3.27,2.78,3.15,3.15,1868500
10/16/19,3.08,3.32,3.08,3.22,3.22,1147400
10/17/19,3.25,3.42,3.23,3.29,3.29,1395600
10/18/19,3.18,3.42,3.16,3.4,3.4,1768500
10/21/19,3.43,3.65,3.39,3.42,3.42,1562000
10/22/19,3.36,3.57,3.32,3.49,3.49,1096000
10/23/19,3.51,3.56,3.22,3.23,3.23,1524400
10/24/19,3.23,3.26,3.11,3.15,3.15,1414500
10/25/19,3.1,3.24,3.07,3.24,3.24,1374500
10/28/19,3.3,3.3,3.17,3.26,3.26,931200
10/29/19,3.24,3.33,3.14,3.32,3.32,1091400
10/30/19,3.33,3.37,3.22,3.3,3.3,971900
10/31/19,3.27,3.31,3.17,3.22,3.22,1172800
11/1/19,3.23,3.4,3.19,3.3,3.3,1003400
11/4/19,3.38,3.56,3.35,3.44,3.44,1168700
11/5/19,3.47,3.85,3.47,3.81,3.81,2081400
11/6/19,3.81,4.17,3.75,4.01,4.01,3628300
11/7/19,4.08,4.28,4.05,4.15,4.15,1674200
11/8/19,4.09,4.16,3.92,4.06,4.06,2282400
11/11/19,4.02,4.04,3.9,3.95,3.95,845500
11/12/19,3.96,4.05,3.85,3.97,3.97,1133800
11/13/19,3.93,3.96,3.81,3.93,3.93,958200
11/14/19,3.95,4.11,3.79,3.81,3.81,915300
11/15/19,3.81,3.88,3.69,3.83,3.83,964300
11/18/19,3.8,3.82,3.61,3.71,3.71,906200
11/19/19,3.63,3.7,3.5,3.62,3.62,1195100
11/20/19,3.55,3.55,3.24,3.24,3.24,2066700
11/21/19,3.27,3.3,3.15,3.15,3.15,1274000
11/22/19,3.22,3.47,3.22,3.39,3.39,1759800
11/25/19,3.45,3.72,3.39,3.67,3.67,1835000
11/26/19,3.7,4,3.66,3.92,3.92,2738900
11/27/19,3.93,4.12,3.82,3.98,3.98,1594500
11/29/19,3.97,3.98,3.87,3.93,3.93,396300
12/2/19,3.99,3.99,3.62,3.64,3.64,1286400
12/3/19,3.55,3.65,3.51,3.55,3.55,1194700
12/4/19,3.6,3.95,3.58,3.91,3.91,1720900
12/5/19,4.51,5.17,4.42,5,5,6703700
12/6/19,5.19,5.54,5.01,5.49,5.49,5121500
12/9/19,5.59,6.11,5.52,5.99,5.99,4647600
12/10/19,5.89,6.24,5.84,6.15,6.15,3312100
12/11/19,6.14,6.17,5.45,5.55,5.55,2695500
12/12/19,5.61,5.74,5.51,5.64,5.64,1504500
12/13/19,5.64,5.64,5.1,5.25,5.25,2170800
12/16/19,5.3,5.4,4.92,4.94,4.94,2243100
12/17/19,4.94,5.05,4.79,4.87,4.87,1719600
12/18/19,4.91,5.04,4.83,5.01,5.01,1722300
12/19/19,5.02,5.1,4.74,4.85,4.85,1830000
12/20/19,4.85,5.01,4.69,4.9,4.9,3338800
12/23/19,4.93,5.01,4.88,4.96,4.96,1180400
12/24/19,4.9,4.96,4.83,4.9,4.9,775600
12/26/19,4.95,5.09,4.85,4.93,4.93,965800
12/27/19,4.95,5.01,4.75,4.78,4.78,1136300
12/30/19,4.82,4.84,4.64,4.8,4.8,1247900
12/31/19,4.74,4.89,4.74,4.87,4.87,1137200
1/2/20,4.86,4.97,4.67,4.81,4.81,1718500
1/3/20,4.69,4.8,4.63,4.7,4.7,1271700
1/6/20,4.63,5.02,4.61,5,5,2225600
1/7/20,5.04,5.22,4.92,5.05,5.05,2122900
1/8/20,5.13,5.28,5.01,5.09,5.09,1834700
1/9/20,5.09,5.12,4.78,4.88,4.88,1691300
1/10/20,4.87,4.88,4.66,4.66,4.66,1623100
1/13/20,4.65,4.78,4.47,4.68,4.68,1512200
1/14/20,4.64,4.86,4.61,4.77,4.77,900800
1/15/20,4.74,4.79,4.68,4.72,4.72,1022700
1/16/20,4.82,4.92,4.75,4.85,4.85,1351400
1/17/20,4.88,4.88,4.55,4.58,4.58,2242900
1/21/20,4.56,4.57,4.14,4.15,4.15,3512600
1/22/20,4.52,5.2,4.5,5.01,5.01,7390600
1/23/20,5.01,5.09,4.81,5.05,5.05,2556100
1/24/20,5.09,5.15,4.73,4.83,4.83,1785000
1/27/20,4.66,5,4.65,4.78,4.78,1620100
1/28/20,4.82,4.9,4.51,4.58,4.58,1289200
1/29/20,4.63,4.7,4.3,4.32,4.32,1221000
1/30/20,4.27,4.35,4.13,4.18,4.18,1316700
1/31/20,4.15,4.21,3.99,4.01,4.01,1804900
2/3/20,4.05,4.31,4.01,4.15,4.15,1881400
2/4/20,4.22,4.41,4.09,4.39,4.39,1783900
2/5/20,4.44,4.62,4.32,4.52,4.52,1979900
2/6/20,4.59,4.68,4.44,4.54,4.54,1157800
2/7/20,4.5,4.53,4.18,4.23,4.23,2060600
2/10/20,4.21,4.3,4.15,4.24,4.24,730900
2/11/20,4.27,4.38,4.16,4.33,4.33,1030700
2/12/20,4.37,4.5,4.32,4.47,4.47,1514400
2/13/20,4.42,4.45,4.28,4.33,4.33,801600
2/14/20,4.34,4.43,4.3,4.37,4.37,731800
2/18/20,4.34,4.42,4.19,4.32,4.32,771500
2/19/20,4.32,4.4,4.21,4.36,4.36,719200
2/20/20,4.34,4.61,4.34,4.58,4.58,831400
2/21/20,4.57,4.57,4.33,4.46,4.46,912200
2/24/20,4.16,4.26,4.05,4.09,4.09,1511400
2/25/20,4.1,4.14,3.85,3.9,3.9,1190400
2/26/20,3.95,4.02,3.72,3.78,3.78,1114200
2/27/20,3.59,4.03,3.52,3.8,3.8,1805600
2/28/20,3.7,3.8,3.61,3.7,3.7,1879800
3/2/20,3.72,3.74,3.4,3.49,3.49,1290900
3/3/20,3.5,3.63,3.07,3.12,3.12,2692200
3/4/20,3.18,3.31,3.1,3.16,3.16,1207700
3/5/20,3.01,3.07,2.77,2.97,2.97,2270600
3/6/20,2.77,3.04,2.77,3,3,2094700
3/9/20,2.71,2.8,2.6,2.61,2.61,1131700
3/10/20,2.76,2.78,2.35,2.48,2.48,1597400
3/11/20,2.41,2.73,2.25,2.3,2.3,4848300
3/12/20,2.17,2.37,2.06,2.19,2.19,2014400
3/13/20,2.51,2.52,2.03,2.16,2.16,2999600
3/16/20,1.52,1.8,1.49,1.6,1.6,2068100
3/17/20,1.65,1.75,1.43,1.68,1.68,1860400
3/18/20,1.56,1.89,1.45,1.57,1.57,1431100
3/19/20,1.5,1.94,1.45,1.83,1.83,1552300
3/20/20,1.83,2.02,1.62,1.72,1.72,2940800
3/23/20,1.77,1.77,1.52,1.69,1.69,850000
3/24/20,1.8,1.9,1.62,1.67,1.67,1408800
3/25/20,1.72,2.01,1.67,1.77,1.77,1540300
3/26/20,1.81,2.06,1.69,2.01,2.01,1353600
3/27/20,1.93,1.98,1.81,1.92,1.92,451500
3/30/20,1.92,1.94,1.58,1.64,1.64,1298200
3/31/20,1.59,1.84,1.46,1.49,1.49,2124300
4/1/20,1.47,1.47,1.27,1.36,1.36,1606800
4/2/20,1.36,1.44,1.3,1.39,1.39,1283800
4/3/20,1.46,1.46,1.28,1.32,1.32,1639400
4/6/20,1.38,1.49,1.33,1.46,1.46,1842400
4/7/20,1.53,1.82,1.53,1.66,1.66,1636000
4/8/20,1.68,2.18,1.67,2.12,2.12,1769700
4/9/20,2.3,2.59,2.23,2.58,2.58,2942300
4/13/20,2.47,2.55,1.97,2.04,2.04,2175000
4/14/20,2.11,2.49,2.1,2.4,2.4,1739600
4/15/20,2.2,2.23,1.95,2,2,1516900
4/16/20,2.02,2.07,1.96,1.98,1.98,579600
4/17/20,2.09,2.18,1.96,2.01,2.01,1026100
4/20/20,1.98,2.06,1.86,1.92,1.92,1280500
4/21/20,1.9,1.94,1.8,1.83,1.83,930700
4/22/20,1.87,1.9,1.66,1.69,1.69,1271600
4/23/20,1.69,1.83,1.56,1.63,1.63,1754600
4/24/20,1.66,1.73,1.55,1.65,1.65,1177000
4/27/20,1.66,1.86,1.59,1.78,1.78,1283900
4/28/20,1.85,2.1,1.76,2.07,2.07,2030300
4/29/20,2.2,2.22,2,2.04,2.04,1723000
4/30/20,2,2.5,1.85,2.07,2.07,5254000
5/1/20,1.96,1.96,1.83,1.92,1.92,1550400
5/4/20,1.87,1.95,1.77,1.81,1.81,534300
5/5/20,1.9,1.93,1.71,1.72,1.72,1240700
5/6/20,1.74,1.78,1.56,1.6,1.6,1721600
5/7/20,1.76,1.89,1.66,1.7,1.7,1378200
5/8/20,1.73,1.83,1.72,1.8,1.8,1254500
5/11/20,1.78,1.81,1.65,1.75,1.75,1000200
5/12/20,1.79,1.81,1.64,1.64,1.64,1075000
5/13/20,1.65,1.66,1.51,1.59,1.59,981900
5/14/20,1.55,1.64,1.44,1.6,1.6,1083900
5/15/20,1.62,1.77,1.55,1.67,1.67,1404300
5/18/20,1.75,1.85,1.72,1.81,1.81,1373100
5/19/20,1.82,1.9,1.75,1.75,1.75,987500
5/20/20,1.81,1.83,1.71,1.77,1.77,928300
5/21/20,1.76,2,1.74,1.91,1.91,2871100
5/22/20,1.93,1.98,1.82,1.87,1.87,784900
5/26/20,1.96,2.02,1.92,1.95,1.95,1065500
5/27/20,2,2.14,1.99,2.08,2.08,1951200
5/28/20,2.15,2.23,1.97,2.02,2.02,1487300
5/29/20,2.01,2.04,1.92,1.96,1.96,1280300
6/1/20,1.91,2,1.84,1.86,1.86,1728800
6/2/20,1.92,2.08,1.89,2.03,2.03,1566100
6/3/20,1.83,1.89,1.78,1.87,1.87,4114000
6/4/20,1.86,1.89,1.82,1.89,1.89,1702600
6/5/20,1.99,2.12,1.9,2.05,2.05,3348800
6/8/20,2.18,2.56,2.12,2.55,2.55,3820800
6/9/20,2.44,2.52,2.34,2.49,2.49,2375700
6/10/20,2.44,2.44,2.2,2.2,2.2,2050300